"","Ligand","Receptor","LR"
"1","Kiss1","Kiss1r","Kiss1-Kiss1r"
"2","Pomc","Mc1r","Pomc-Mc1r"
"3","Pomc","Mc2r","Pomc-Mc2r"
"4","Pomc","Mc3r","Pomc-Mc3r"
"5","Pomc","Mc4r","Pomc-Mc4r"
"6","Pomc","Mc5r","Pomc-Mc5r"
"7","Npy","Npy1r","Npy-Npy1r"
"8","Npy","Npy2r","Npy-Npy2r"
"9","Npy","Npy4r","Npy-Npy4r"
"10","Npy","Npy5r","Npy-Npy5r"
"11","Npy","Npy6r","Npy-Npy6r"
"12","Npy","Gpr83","Npy-Gpr83"
"13","Npy","Pgr15l","Npy-Pgr15l"
"14","Avp","Avpr2","Avp-Avpr2"
"15","Avp","Avpr1a","Avp-Avpr1a"
"16","Avp","Avpr1b","Avp-Avpr1b"
"17","Vip","Vipr1","Vip-Vipr1"
"18","Vip","Vipr2","Vip-Vipr2"
"19","Tgfb1","Tgfbr1","Tgfb1-Tgfbr1"
"20","Tgfb2","Tgfbr1","Tgfb2-Tgfbr1"
"21","Tgfb3","Tgfbr1","Tgfb3-Tgfbr1"
"22","Tgfb1","Acvr1b","Tgfb1-Acvr1b"
"23","Tgfb1","Acvr1c","Tgfb1-Acvr1c"
"24","Tgfb2","Acvr1b","Tgfb2-Acvr1b"
"25","Tgfb2","Acvr1c","Tgfb2-Acvr1c"
"26","Tgfb3","Acvr1b","Tgfb3-Acvr1b"
"27","Tgfb3","Acvr1c","Tgfb3-Acvr1c"
"28","Tgfb1","Acvr1","Tgfb1-Acvr1"
"29","Tgfb2","Acvr1","Tgfb2-Acvr1"
"30","Tgfb3","Acvr1","Tgfb3-Acvr1"
"31","Bmp2","Bmpr1a","Bmp2-Bmpr1a"
"34","Bmp2","Bmpr1b","Bmp2-Bmpr1b"
"37","Bmp4","Bmpr1a","Bmp4-Bmpr1a"
"40","Bmp4","Bmpr1b","Bmp4-Bmpr1b"
"43","Gdf5","Bmpr1a","Gdf5-Bmpr1a"
"46","Gdf5","Bmpr1b","Gdf5-Bmpr1b"
"49","Gdf6","Bmpr1a","Gdf6-Bmpr1a"
"52","Gdf6","Bmpr1b","Gdf6-Bmpr1b"
"55","Gdf7","Bmpr1a","Gdf7-Bmpr1a"
"58","Gdf7","Bmpr1b","Gdf7-Bmpr1b"
"61","Bmp15","Bmpr1b","Bmp15-Bmpr1b"
"62","Bmp5","Acvr1","Bmp5-Acvr1"
"65","Bmp5","Bmpr1a","Bmp5-Bmpr1a"
"68","Bmp5","Bmpr1b","Bmp5-Bmpr1b"
"71","Bmp6","Acvr1","Bmp6-Acvr1"
"74","Bmp6","Bmpr1a","Bmp6-Bmpr1a"
"77","Bmp6","Bmpr1b","Bmp6-Bmpr1b"
"80","Bmp7","Acvr1","Bmp7-Acvr1"
"83","Bmp7","Bmpr1a","Bmp7-Bmpr1a"
"86","Bmp7","Bmpr1b","Bmp7-Bmpr1b"
"89","Bmp8a","Acvr1","Bmp8a-Acvr1"
"92","Bmp8a","Bmpr1a","Bmp8a-Bmpr1a"
"95","Bmp8a","Bmpr1b","Bmp8a-Bmpr1b"
"98","Bmp8b","Acvr1","Bmp8b-Acvr1"
"101","Bmp8b","Bmpr1a","Bmp8b-Bmpr1a"
"104","Bmp8b","Bmpr1b","Bmp8b-Bmpr1b"
"107","Bmp10","Acvrl1","Bmp10-Acvrl1"
"109","Gdf2","Acvrl1","Gdf2-Acvrl1"
"111","Gdf9","Acvr1b","Gdf9-Acvr1b"
"112","Gdf10","Acvr1b","Gdf10-Acvr1b"
"113","Gdf11","Tgfbr1","Gdf11-Tgfbr1"
"115","Gdf11","Acvr1b","Gdf11-Acvr1b"
"116","Gdf15","Tgfbr2","Gdf15-Tgfbr2"
"117","Mstn","Tgfbr1","Mstn-Tgfbr1"
"118","Mstn","Acvr1b","Mstn-Acvr1b"
"121","Amh","Amhr2","Amh-Amhr2"
"123","Gdnf","Gfra1","Gdnf-Gfra1"
"124","Nrtn","Gfra2","Nrtn-Gfra2"
"125","Artn","Gfra3","Artn-Gfra3"
"126","Pspn","Gfra4","Pspn-Gfra4"
"127","Artn","Gfra1","Artn-Gfra1"
"128","Nodal","Acvr1b","Nodal-Acvr1b"
"129","Nodal","Acvr1c","Nodal-Acvr1c"
"132","Gdf1","Acvr1b","Gdf1-Acvr1b"
"134","Gdf1","Acvr1c","Gdf1-Acvr1c"
"136","Gdf3","Acvr1b","Gdf3-Acvr1b"
"138","Gdf3","Acvr1c","Gdf3-Acvr1c"
"140","Inhba","Acvr1b","Inhba-Acvr1b"
"142","Inhbb","Acvr1b","Inhbb-Acvr1b"
"144","Inhbb","Acvr1c","Inhbb-Acvr1c"
"146","Inhbc","Acvr1b","Inhbc-Acvr1b"
"148","Inhbc","Acvr1c","Inhbc-Acvr1c"
"150","Inhbe","Acvr1b","Inhbe-Acvr1b"
"152","Inhbe","Acvr1c","Inhbe-Acvr1c"
"154","Inhbabb","Acvr1b","Inhbabb-Acvr1b"
"156","Inhbabb","Acvr1c","Inhbabb-Acvr1c"
"157","Inhb","Acvr1c","Inhb-Acvr1c"
"158","Inhaba","Acvr2a","Inhaba-Acvr2a"
"159","Inhabb","Acvr2b","Inhabb-Acvr2b"
"160","Wnt1","Fzd1","Wnt1-Fzd1"
"161","Wnt1","Fzd10","Wnt1-Fzd10"
"162","Wnt1","Fzd2","Wnt1-Fzd2"
"163","Wnt1","Fzd3","Wnt1-Fzd3"
"164","Wnt1","Fzd4","Wnt1-Fzd4"
"165","Wnt1","Fzd5","Wnt1-Fzd5"
"166","Wnt1","Fzd6","Wnt1-Fzd6"
"167","Wnt1","Fzd7","Wnt1-Fzd7"
"168","Wnt1","Fzd8","Wnt1-Fzd8"
"169","Wnt1","Fzd9","Wnt1-Fzd9"
"170","Wnt10a","Fzd1","Wnt10a-Fzd1"
"171","Wnt10a","Fzd10","Wnt10a-Fzd10"
"172","Wnt10a","Fzd2","Wnt10a-Fzd2"
"173","Wnt10a","Fzd3","Wnt10a-Fzd3"
"174","Wnt10a","Fzd4","Wnt10a-Fzd4"
"175","Wnt10a","Fzd5","Wnt10a-Fzd5"
"176","Wnt10a","Fzd6","Wnt10a-Fzd6"
"177","Wnt10a","Fzd7","Wnt10a-Fzd7"
"178","Wnt10a","Fzd8","Wnt10a-Fzd8"
"179","Wnt10a","Fzd9","Wnt10a-Fzd9"
"180","Wnt10b","Fzd1","Wnt10b-Fzd1"
"181","Wnt10b","Fzd10","Wnt10b-Fzd10"
"182","Wnt10b","Fzd2","Wnt10b-Fzd2"
"183","Wnt10b","Fzd3","Wnt10b-Fzd3"
"184","Wnt10b","Fzd4","Wnt10b-Fzd4"
"185","Wnt10b","Fzd5","Wnt10b-Fzd5"
"186","Wnt10b","Fzd6","Wnt10b-Fzd6"
"187","Wnt10b","Fzd7","Wnt10b-Fzd7"
"188","Wnt10b","Fzd8","Wnt10b-Fzd8"
"189","Wnt10b","Fzd9","Wnt10b-Fzd9"
"190","Wnt16","Fzd1","Wnt16-Fzd1"
"191","Wnt16","Fzd10","Wnt16-Fzd10"
"192","Wnt16","Fzd2","Wnt16-Fzd2"
"193","Wnt16","Fzd3","Wnt16-Fzd3"
"194","Wnt16","Fzd4","Wnt16-Fzd4"
"195","Wnt16","Fzd5","Wnt16-Fzd5"
"196","Wnt16","Fzd6","Wnt16-Fzd6"
"197","Wnt16","Fzd7","Wnt16-Fzd7"
"198","Wnt16","Fzd8","Wnt16-Fzd8"
"199","Wnt16","Fzd9","Wnt16-Fzd9"
"200","Wnt2","Fzd1","Wnt2-Fzd1"
"201","Wnt2","Fzd10","Wnt2-Fzd10"
"202","Wnt2","Fzd2","Wnt2-Fzd2"
"203","Wnt2","Fzd3","Wnt2-Fzd3"
"204","Wnt2","Fzd4","Wnt2-Fzd4"
"205","Wnt2","Fzd5","Wnt2-Fzd5"
"206","Wnt2","Fzd6","Wnt2-Fzd6"
"207","Wnt2","Fzd7","Wnt2-Fzd7"
"208","Wnt2","Fzd8","Wnt2-Fzd8"
"209","Wnt2","Fzd9","Wnt2-Fzd9"
"210","Wnt2b","Fzd1","Wnt2b-Fzd1"
"211","Wnt2b","Fzd10","Wnt2b-Fzd10"
"212","Wnt2b","Fzd2","Wnt2b-Fzd2"
"213","Wnt2b","Fzd3","Wnt2b-Fzd3"
"214","Wnt2b","Fzd4","Wnt2b-Fzd4"
"215","Wnt2b","Fzd5","Wnt2b-Fzd5"
"216","Wnt2b","Fzd6","Wnt2b-Fzd6"
"217","Wnt2b","Fzd7","Wnt2b-Fzd7"
"218","Wnt2b","Fzd8","Wnt2b-Fzd8"
"219","Wnt2b","Fzd9","Wnt2b-Fzd9"
"220","Wnt3","Fzd1","Wnt3-Fzd1"
"221","Wnt3","Fzd10","Wnt3-Fzd10"
"222","Wnt3","Fzd2","Wnt3-Fzd2"
"223","Wnt3","Fzd3","Wnt3-Fzd3"
"224","Wnt3","Fzd4","Wnt3-Fzd4"
"225","Wnt3","Fzd5","Wnt3-Fzd5"
"226","Wnt3","Fzd6","Wnt3-Fzd6"
"227","Wnt3","Fzd7","Wnt3-Fzd7"
"228","Wnt3","Fzd8","Wnt3-Fzd8"
"229","Wnt3","Fzd9","Wnt3-Fzd9"
"230","Wnt3a","Fzd1","Wnt3a-Fzd1"
"231","Wnt3a","Fzd10","Wnt3a-Fzd10"
"232","Wnt3a","Fzd2","Wnt3a-Fzd2"
"233","Wnt3a","Fzd3","Wnt3a-Fzd3"
"234","Wnt3a","Fzd4","Wnt3a-Fzd4"
"235","Wnt3a","Fzd5","Wnt3a-Fzd5"
"236","Wnt3a","Fzd6","Wnt3a-Fzd6"
"237","Wnt3a","Fzd7","Wnt3a-Fzd7"
"238","Wnt3a","Fzd8","Wnt3a-Fzd8"
"239","Wnt3a","Fzd9","Wnt3a-Fzd9"
"240","Wnt4","Fzd1","Wnt4-Fzd1"
"241","Wnt4","Fzd10","Wnt4-Fzd10"
"242","Wnt4","Fzd2","Wnt4-Fzd2"
"243","Wnt4","Fzd3","Wnt4-Fzd3"
"244","Wnt4","Fzd4","Wnt4-Fzd4"
"245","Wnt4","Fzd5","Wnt4-Fzd5"
"246","Wnt4","Fzd6","Wnt4-Fzd6"
"247","Wnt4","Fzd7","Wnt4-Fzd7"
"248","Wnt4","Fzd8","Wnt4-Fzd8"
"249","Wnt4","Fzd9","Wnt4-Fzd9"
"250","Wnt6","Fzd1","Wnt6-Fzd1"
"251","Wnt6","Fzd10","Wnt6-Fzd10"
"252","Wnt6","Fzd2","Wnt6-Fzd2"
"253","Wnt6","Fzd3","Wnt6-Fzd3"
"254","Wnt6","Fzd4","Wnt6-Fzd4"
"255","Wnt6","Fzd5","Wnt6-Fzd5"
"256","Wnt6","Fzd6","Wnt6-Fzd6"
"257","Wnt6","Fzd7","Wnt6-Fzd7"
"258","Wnt6","Fzd8","Wnt6-Fzd8"
"259","Wnt6","Fzd9","Wnt6-Fzd9"
"260","Wnt7a","Fzd1","Wnt7a-Fzd1"
"261","Wnt7a","Fzd10","Wnt7a-Fzd10"
"262","Wnt7a","Fzd2","Wnt7a-Fzd2"
"263","Wnt7a","Fzd3","Wnt7a-Fzd3"
"264","Wnt7a","Fzd4","Wnt7a-Fzd4"
"265","Wnt7a","Fzd5","Wnt7a-Fzd5"
"266","Wnt7a","Fzd6","Wnt7a-Fzd6"
"267","Wnt7a","Fzd7","Wnt7a-Fzd7"
"268","Wnt7a","Fzd8","Wnt7a-Fzd8"
"269","Wnt7a","Fzd9","Wnt7a-Fzd9"
"270","Wnt7b","Fzd1","Wnt7b-Fzd1"
"271","Wnt7b","Fzd10","Wnt7b-Fzd10"
"272","Wnt7b","Fzd2","Wnt7b-Fzd2"
"273","Wnt7b","Fzd3","Wnt7b-Fzd3"
"274","Wnt7b","Fzd4","Wnt7b-Fzd4"
"275","Wnt7b","Fzd5","Wnt7b-Fzd5"
"276","Wnt7b","Fzd6","Wnt7b-Fzd6"
"277","Wnt7b","Fzd7","Wnt7b-Fzd7"
"278","Wnt7b","Fzd8","Wnt7b-Fzd8"
"279","Wnt7b","Fzd9","Wnt7b-Fzd9"
"280","Wnt8a","Fzd1","Wnt8a-Fzd1"
"281","Wnt8a","Fzd10","Wnt8a-Fzd10"
"282","Wnt8a","Fzd2","Wnt8a-Fzd2"
"283","Wnt8a","Fzd3","Wnt8a-Fzd3"
"284","Wnt8a","Fzd4","Wnt8a-Fzd4"
"285","Wnt8a","Fzd5","Wnt8a-Fzd5"
"286","Wnt8a","Fzd6","Wnt8a-Fzd6"
"287","Wnt8a","Fzd7","Wnt8a-Fzd7"
"288","Wnt8a","Fzd8","Wnt8a-Fzd8"
"289","Wnt8a","Fzd9","Wnt8a-Fzd9"
"290","Wnt8b","Fzd1","Wnt8b-Fzd1"
"291","Wnt8b","Fzd10","Wnt8b-Fzd10"
"292","Wnt8b","Fzd2","Wnt8b-Fzd2"
"293","Wnt8b","Fzd3","Wnt8b-Fzd3"
"294","Wnt8b","Fzd4","Wnt8b-Fzd4"
"295","Wnt8b","Fzd5","Wnt8b-Fzd5"
"296","Wnt8b","Fzd6","Wnt8b-Fzd6"
"297","Wnt8b","Fzd7","Wnt8b-Fzd7"
"298","Wnt8b","Fzd8","Wnt8b-Fzd8"
"299","Wnt8b","Fzd9","Wnt8b-Fzd9"
"300","Wnt9a","Fzd1","Wnt9a-Fzd1"
"301","Wnt9a","Fzd10","Wnt9a-Fzd10"
"302","Wnt9a","Fzd2","Wnt9a-Fzd2"
"303","Wnt9a","Fzd3","Wnt9a-Fzd3"
"304","Wnt9a","Fzd4","Wnt9a-Fzd4"
"305","Wnt9a","Fzd5","Wnt9a-Fzd5"
"306","Wnt9a","Fzd6","Wnt9a-Fzd6"
"307","Wnt9a","Fzd7","Wnt9a-Fzd7"
"308","Wnt9a","Fzd8","Wnt9a-Fzd8"
"309","Wnt9a","Fzd9","Wnt9a-Fzd9"
"310","Wnt9b","Fzd1","Wnt9b-Fzd1"
"311","Wnt9b","Fzd10","Wnt9b-Fzd10"
"312","Wnt9b","Fzd2","Wnt9b-Fzd2"
"313","Wnt9b","Fzd3","Wnt9b-Fzd3"
"314","Wnt9b","Fzd4","Wnt9b-Fzd4"
"315","Wnt9b","Fzd5","Wnt9b-Fzd5"
"316","Wnt9b","Fzd6","Wnt9b-Fzd6"
"317","Wnt9b","Fzd7","Wnt9b-Fzd7"
"318","Wnt9b","Fzd8","Wnt9b-Fzd8"
"319","Wnt9b","Fzd9","Wnt9b-Fzd9"
"480","Wnt5a","Fzd1","Wnt5a-Fzd1"
"481","Wnt5a","Fzd10","Wnt5a-Fzd10"
"482","Wnt5a","Fzd2","Wnt5a-Fzd2"
"483","Wnt5a","Fzd3","Wnt5a-Fzd3"
"484","Wnt5a","Fzd4","Wnt5a-Fzd4"
"485","Wnt5a","Fzd5","Wnt5a-Fzd5"
"486","Wnt5a","Fzd6","Wnt5a-Fzd6"
"487","Wnt5a","Fzd7","Wnt5a-Fzd7"
"488","Wnt5a","Fzd8","Wnt5a-Fzd8"
"489","Wnt5a","Fzd9","Wnt5a-Fzd9"
"490","Wnt5a","Mcam","Wnt5a-Mcam"
"491","Wnt5b","Fzd1","Wnt5b-Fzd1"
"492","Wnt5b","Fzd10","Wnt5b-Fzd10"
"493","Wnt5b","Fzd2","Wnt5b-Fzd2"
"494","Wnt5b","Fzd3","Wnt5b-Fzd3"
"495","Wnt5b","Fzd4","Wnt5b-Fzd4"
"496","Wnt5b","Fzd5","Wnt5b-Fzd5"
"497","Wnt5b","Fzd6","Wnt5b-Fzd6"
"498","Wnt5b","Fzd7","Wnt5b-Fzd7"
"499","Wnt5b","Fzd8","Wnt5b-Fzd8"
"500","Wnt5b","Fzd9","Wnt5b-Fzd9"
"501","Wnt11","Fzd1","Wnt11-Fzd1"
"502","Wnt11","Fzd10","Wnt11-Fzd10"
"503","Wnt11","Fzd2","Wnt11-Fzd2"
"504","Wnt11","Fzd3","Wnt11-Fzd3"
"505","Wnt11","Fzd4","Wnt11-Fzd4"
"506","Wnt11","Fzd5","Wnt11-Fzd5"
"507","Wnt11","Fzd6","Wnt11-Fzd6"
"508","Wnt11","Fzd7","Wnt11-Fzd7"
"509","Wnt11","Fzd8","Wnt11-Fzd8"
"510","Wnt11","Fzd9","Wnt11-Fzd9"
"511","Egf","Egfr","Egf-Egfr"
"513","Tgfa","Egfr","Tgfa-Egfr"
"515","Areg","Egfr","Areg-Egfr"
"517","Btc","Egfr","Btc-Egfr"
"519","Btc","Erbb4","Btc-Erbb4"
"520","Btc","Erbb2","Btc-Erbb2"
"521","Hbegf","Egfr","Hbegf-Egfr"
"523","Hbegf","Erbb4","Hbegf-Erbb4"
"524","Hbegf","Erbb2","Hbegf-Erbb2"
"525","Ereg","Egfr","Ereg-Egfr"
"527","Ereg","Erbb4","Ereg-Erbb4"
"528","Ereg","Erbb2","Ereg-Erbb2"
"529","Nrg1","Erbb3","Nrg1-Erbb3"
"530","Nrg1","Erbb2","Nrg1-Erbb2"
"531","Nrg1","Erbb4","Nrg1-Erbb4"
"533","Nrg2","Erbb3","Nrg2-Erbb3"
"534","Nrg2","Erbb2","Nrg2-Erbb2"
"535","Nrg2","Erbb4","Nrg2-Erbb4"
"537","Nrg3","Erbb4","Nrg3-Erbb4"
"538","Nrg3","Erbb2","Nrg3-Erbb2"
"539","Nrg4","Erbb4","Nrg4-Erbb4"
"540","Nrg4","Erbb2","Nrg4-Erbb2"
"541","Nrg1","Itgav","Nrg1-Itgav"
"542","Fgf1","Fgfr1","Fgf1-Fgfr1"
"543","Fgf1","Fgfr2","Fgf1-Fgfr2"
"544","Fgf1","Fgfr3","Fgf1-Fgfr3"
"545","Fgf1","Fgfr4","Fgf1-Fgfr4"
"546","Fgf2","Fgfr1","Fgf2-Fgfr1"
"547","Fgf2","Fgfr2","Fgf2-Fgfr2"
"548","Fgf2","Fgfr3","Fgf2-Fgfr3"
"549","Fgf2","Fgfr4","Fgf2-Fgfr4"
"550","Fgf4","Fgfr1","Fgf4-Fgfr1"
"551","Fgf4","Fgfr2","Fgf4-Fgfr2"
"552","Fgf4","Fgfr3","Fgf4-Fgfr3"
"553","Fgf4","Fgfr4","Fgf4-Fgfr4"
"554","Fgf5","Fgfr1","Fgf5-Fgfr1"
"555","Fgf5","Fgfr2","Fgf5-Fgfr2"
"556","Fgf5","Fgfr3","Fgf5-Fgfr3"
"557","Fgf5","Fgfr4","Fgf5-Fgfr4"
"558","Fgf6","Fgfr1","Fgf6-Fgfr1"
"559","Fgf6","Fgfr2","Fgf6-Fgfr2"
"560","Fgf6","Fgfr3","Fgf6-Fgfr3"
"561","Fgf6","Fgfr4","Fgf6-Fgfr4"
"562","Fgf7","Fgfr1","Fgf7-Fgfr1"
"563","Fgf7","Fgfr2","Fgf7-Fgfr2"
"564","Fgf3","Fgfr1","Fgf3-Fgfr1"
"565","Fgf3","Fgfr2","Fgf3-Fgfr2"
"566","Fgf10","Fgfr1","Fgf10-Fgfr1"
"567","Fgf10","Fgfr2","Fgf10-Fgfr2"
"568","Fgf22","Fgfr2","Fgf22-Fgfr2"
"569","Fgf8","Fgfr1","Fgf8-Fgfr1"
"570","Fgf8","Fgfr2","Fgf8-Fgfr2"
"571","Fgf8","Fgfr3","Fgf8-Fgfr3"
"572","Fgf8","Fgfr4","Fgf8-Fgfr4"
"573","Fgf17","Fgfr1","Fgf17-Fgfr1"
"574","Fgf17","Fgfr2","Fgf17-Fgfr2"
"575","Fgf17","Fgfr3","Fgf17-Fgfr3"
"576","Fgf17","Fgfr4","Fgf17-Fgfr4"
"577","Fgf18","Fgfr1","Fgf18-Fgfr1"
"578","Fgf18","Fgfr2","Fgf18-Fgfr2"
"579","Fgf18","Fgfr3","Fgf18-Fgfr3"
"580","Fgf18","Fgfr4","Fgf18-Fgfr4"
"581","Fgf9","Fgfr1","Fgf9-Fgfr1"
"582","Fgf9","Fgfr2","Fgf9-Fgfr2"
"583","Fgf9","Fgfr3","Fgf9-Fgfr3"
"584","Fgf9","Fgfr4","Fgf9-Fgfr4"
"585","Fgf20","Fgfr1","Fgf20-Fgfr1"
"586","Fgf20","Fgfr2","Fgf20-Fgfr2"
"587","Fgf20","Fgfr3","Fgf20-Fgfr3"
"588","Fgf20","Fgfr4","Fgf20-Fgfr4"
"589","Fgf16","Fgfr1","Fgf16-Fgfr1"
"590","Fgf16","Fgfr2","Fgf16-Fgfr2"
"591","Fgf16","Fgfr3","Fgf16-Fgfr3"
"592","Fgf16","Fgfr4","Fgf16-Fgfr4"
"593","Fgf15","Fgfr1","Fgf15-Fgfr1"
"594","Fgf15","Fgfr2","Fgf15-Fgfr2"
"595","Fgf15","Fgfr3","Fgf15-Fgfr3"
"596","Fgf15","Fgfr4","Fgf15-Fgfr4"
"597","Fgf21","Fgfr1","Fgf21-Fgfr1"
"598","Fgf21","Fgfr3","Fgf21-Fgfr3"
"599","Fgf23","Fgfr1","Fgf23-Fgfr1"
"600","Fgf23","Fgfr3","Fgf23-Fgfr3"
"601","Fgf23","Fgfr4","Fgf23-Fgfr4"
"602","Pdgfa","Pdgfra","Pdgfa-Pdgfra"
"603","Pdgfa","Pdgfrb","Pdgfa-Pdgfrb"
"604","Pdgfb","Pdgfra","Pdgfb-Pdgfra"
"605","Pdgfb","Pdgfrb","Pdgfb-Pdgfrb"
"606","Pdgfc","Pdgfra","Pdgfc-Pdgfra"
"607","Pdgfd","Pdgfrb","Pdgfd-Pdgfrb"
"608","Vegfa","Vegfr1","Vegfa-Vegfr1"
"609","Vegfa","Vegfr2","Vegfa-Vegfr2"
"610","Vegfb","Vegfr1","Vegfb-Vegfr1"
"611","Vegfc","Vegfr3","Vegfc-Vegfr3"
"612","Vegfc","Vegfr2","Vegfc-Vegfr2"
"613","Vegfd","Vegfr3","Vegfd-Vegfr3"
"614","Vegfd","Vegfr2","Vegfd-Vegfr2"
"615","Pgf","Vegfr1","Pgf-Vegfr1"
"616","Vegfa","Vegfr1r2","Vegfa-Vegfr1r2"
"617","Vegfc","Vegfr2r3","Vegfc-Vegfr2r3"
"618","Vegfd","Vegfr2r3","Vegfd-Vegfr2r3"
"619","Igf1","Igf1r","Igf1-Igf1r"
"620","Igf2","Igf1r","Igf2-Igf1r"
"621","Igf2","Igf2r","Igf2-Igf2r"
"622","Igf1","Itgav","Igf1-Itgav"
"623","Igf1","Itga6","Igf1-Itga6"
"624","Igf2","Itgav","Igf2-Itgav"
"625","Igf2","Itga6","Igf2-Itga6"
"626","Igfl3","Igflr1","Igfl3-Igflr1"
"627","Ins1","Inssr","Ins1-Inssr"
"628","Ins2","Inssr","Ins2-Inssr"
"629","Apln","Aplnr","Apln-Aplnr"
"630","Dhh","Ptch1","Dhh-Ptch1"
"631","Ihh","Ptch1","Ihh-Ptch1"
"632","Shh","Ptch1","Shh-Ptch1"
"633","Dhh","Ptch2","Dhh-Ptch2"
"634","Ihh","Ptch2","Ihh-Ptch2"
"635","Shh","Ptch2","Shh-Ptch2"
"636","Ccl5","Ccr1","Ccl5-Ccr1"
"637","Ccl3","Ccr1","Ccl3-Ccr1"
"638","Ccl8","Ccr1","Ccl8-Ccr1"
"639","Ccl9","Ccr1","Ccl9-Ccr1"
"640","Ccl6","Ccr1","Ccl6-Ccr1"
"641","Ccl7","Ccr1","Ccl7-Ccr1"
"642","Ccl5","Ccr1l1","Ccl5-Ccr1l1"
"643","Ccl3","Ccr1l1","Ccl3-Ccr1l1"
"644","Ccl8","Ccr1l1","Ccl8-Ccr1l1"
"645","Ccl9","Ccr1l1","Ccl9-Ccr1l1"
"646","Ccl6","Ccr1l1","Ccl6-Ccr1l1"
"647","Ccl7","Ccr1l1","Ccl7-Ccr1l1"
"648","Ccl8","Ccr2","Ccl8-Ccr2"
"649","Ccl6","Ccr2","Ccl6-Ccr2"
"650","Ccl7","Ccr2","Ccl7-Ccr2"
"651","Ccl2","Ccr2","Ccl2-Ccr2"
"652","Ccl12","Ccr2","Ccl12-Ccr2"
"653","Ccl27a","Ccr2","Ccl27a-Ccr2"
"654","Ccl27b","Ccr2","Ccl27b-Ccr2"
"655","Ccl5","Ccr3","Ccl5-Ccr3"
"656","Ccl6","Ccr3","Ccl6-Ccr3"
"657","Ccl7","Ccr3","Ccl7-Ccr3"
"658","Ccl11","Ccr3","Ccl11-Ccr3"
"659","Ccl24","Ccr3","Ccl24-Ccr3"
"660","Ccl26","Ccr3","Ccl26-Ccr3"
"661","Ccl28","Ccr3","Ccl28-Ccr3"
"662","Ccl27a","Ccr3","Ccl27a-Ccr3"
"663","Ccl27b","Ccr3","Ccl27b-Ccr3"
"664","Ccl17","Ccr4","Ccl17-Ccr4"
"665","Ccl22","Ccr4","Ccl22-Ccr4"
"666","Ccl5","Ccr4","Ccl5-Ccr4"
"667","Ccl4","Ccr5","Ccl4-Ccr5"
"668","Ccl5","Ccr5","Ccl5-Ccr5"
"669","Ccl3","Ccr5","Ccl3-Ccr5"
"670","Ccl8","Ccr5","Ccl8-Ccr5"
"671","Ccl20","Ccr6","Ccl20-Ccr6"
"672","Ccl19","Ccr7","Ccl19-Ccr7"
"673","Ccl21a","Ccr7","Ccl21a-Ccr7"
"674","Ccl21b","Ccr7","Ccl21b-Ccr7"
"675","Ccl21c","Ccr7","Ccl21c-Ccr7"
"676","Ccl19","Ackr4","Ccl19-Ackr4"
"677","Ccl21a","Ackr4","Ccl21a-Ackr4"
"678","Ccl21b","Ackr4","Ccl21b-Ackr4"
"679","Ccl21c","Ackr4","Ccl21c-Ackr4"
"680","Ccl1","Ccr8","Ccl1-Ccr8"
"681","Ccl25","Ccr9","Ccl25-Ccr9"
"682","Ccl25","Ackr4","Ccl25-Ackr4"
"683","Ccl28","Ccr10","Ccl28-Ccr10"
"684","Ccl27a","Ccr10","Ccl27a-Ccr10"
"685","Ccl27b","Ccr10","Ccl27b-Ccr10"
"686","Ccl1","Ackr4","Ccl1-Ackr4"
"687","Ccl8","Ackr4","Ccl8-Ackr4"
"688","Ccl1","Ackr1","Ccl1-Ackr1"
"689","Ccl2","Ackr1","Ccl2-Ackr1"
"690","Ccl2","Ackr2","Ccl2-Ackr2"
"691","Ccl3","Ackr2","Ccl3-Ackr2"
"692","Ccl4","Ackr2","Ccl4-Ackr2"
"693","Ccl5","Ackr1","Ccl5-Ackr1"
"694","Ccl5","Ackr2","Ccl5-Ackr2"
"695","Ccl7","Ackr1","Ccl7-Ackr1"
"696","Ccl8","Ackr1","Ccl8-Ackr1"
"697","Ccl11","Ackr1","Ccl11-Ackr1"
"698","Ccl11","Ackr2","Ccl11-Ackr2"
"699","Ccl22","Ackr2","Ccl22-Ackr2"
"700","Ccl24","Ackr2","Ccl24-Ackr2"
"701","Ccl26","Ackr2","Ccl26-Ackr2"
"702","Ccl17","Ackr1","Ccl17-Ackr1"
"703","Ccl17","Ackr2","Ccl17-Ackr2"
"704","Cxcl1","Cxcr1","Cxcl1-Cxcr1"
"705","Cxcl5","Cxcr1","Cxcl5-Cxcr1"
"706","Cxcl2","Cxcr1","Cxcl2-Cxcr1"
"707","Cxcl3","Cxcr1","Cxcl3-Cxcr1"
"708","Cxcl1","Cxcr2","Cxcl1-Cxcr2"
"709","Cxcl5","Cxcr2","Cxcl5-Cxcr2"
"710","Cxcl2","Cxcr2","Cxcl2-Cxcr2"
"711","Cxcl3","Cxcr2","Cxcl3-Cxcr2"
"712","Ppbp","Cxcr2","Ppbp-Cxcr2"
"713","Cxcl4","Cxcr3","Cxcl4-Cxcr3"
"714","Cxcl9","Cxcr3","Cxcl9-Cxcr3"
"715","Cxcl10","Cxcr3","Cxcl10-Cxcr3"
"716","Cxcl11","Cxcr3","Cxcl11-Cxcr3"
"717","Cxcl13","Cxcr3","Cxcl13-Cxcr3"
"718","Pf4","Cxcr3","Pf4-Cxcr3"
"719","Cxcl12","Cxcr4","Cxcl12-Cxcr4"
"720","Cxcl12","Ackr3","Cxcl12-Ackr3"
"721","Cxcl13","Cxcr5","Cxcl13-Cxcr5"
"722","Cxcl16","Cxcr6","Cxcl16-Cxcr6"
"723","Cxcl1","Ackr1","Cxcl1-Ackr1"
"724","Cxcl2","Ackr1","Cxcl2-Ackr1"
"725","Cxcl3","Ackr1","Cxcl3-Ackr1"
"726","Cxcl5","Ackr1","Cxcl5-Ackr1"
"727","Cxcl9","Ackr1","Cxcl9-Ackr1"
"728","Cxcl10","Ackr1","Cxcl10-Ackr1"
"729","Cxcl11","Ackr1","Cxcl11-Ackr1"
"730","Cxcl11","Ackr3","Cxcl11-Ackr3"
"731","Cxcl13","Ackr1","Cxcl13-Ackr1"
"732","Mif","Cd74","Mif-Cd74"
"735","Mif","Ackr3","Mif-Ackr3"
"736","Cx3cl1","Cx3cr1","Cx3cl1-Cx3cr1"
"737","Xcl1","Xcr1","Xcl1-Xcr1"
"738","Il2","Il2ra","Il2-Il2ra"
"739","Il2","Il2rb","Il2-Il2rb"
"740","Il4","Il4r","Il4-Il4r"
"741","Il7","Il7r","Il7-Il7r"
"742","Il9","Il9r","Il9-Il9r"
"743","Il15","Il15ra","Il15-Il15ra"
"744","Il21","Il21r","Il21-Il21r"
"745","Tslp","Il7r","Tslp-Il7r"
"746","Il3","Il3ra","Il3-Il3ra"
"747","Il5","Il5ra","Il5-Il5ra"
"748","Csf2","Csf2ra","Csf2-Csf2ra"
"752","Il13","Il4r","Il13-Il4r"
"754","Il13","Il13ra1","Il13-Il13ra1"
"755","Il13","Il13ra2","Il13-Il13ra2"
"756","Il6","Il6r","Il6-Il6r"
"757","Il11","Il11ra1","Il11-Il11ra1"
"758","Il11","Il11ra2","Il11-Il11ra2"
"759","Il12b","Il12rb1","Il12b-Il12rb1"
"760","Il23a","Il23r","Il23a-Il23r"
"761","Ebi3","Il27ra","Ebi3-Il27ra"
"762","Il31","Il31ra","Il31-Il31ra"
"763","Cntf","Cntfr","Cntf-Cntfr"
"764","Clcf1","Cntfr","Clcf1-Cntfr"
"765","Ctf1","Lifr","Ctf1-Lifr"
"766","Lif","Lifr","Lif-Lifr"
"767","Osm","Lifr","Osm-Lifr"
"768","Osm","Osmr","Osm-Osmr"
"769","Il10","Il10ra","Il10-Il10ra"
"770","Il19","Il20ra","Il19-Il20ra"
"771","Il20","Il20ra","Il20-Il20ra"
"772","Il24","Il20ra","Il24-Il20ra"
"773","Il20","Il22ra1","Il20-Il22ra1"
"774","Il24","Il22ra1","Il24-Il22ra1"
"775","Il22","Il22ra1","Il22-Il22ra1"
"776","Il1a","Il1r1","Il1a-Il1r1"
"777","Il1b","Il1r1","Il1b-Il1r1"
"778","Il1f5","Il1rl2","Il1f5-Il1rl2"
"779","Il1f6","Il1rl2","Il1f6-Il1rl2"
"780","Il1f8","Il1rl2","Il1f8-Il1rl2"
"781","Il1f9","Il1rl2","Il1f9-Il1rl2"
"782","Il1f10","Il1rl2","Il1f10-Il1rl2"
"783","Il18","Il18r1","Il18-Il18r1"
"784","Il33","Il1rl1","Il33-Il1rl1"
"785","Il17a","Il17ra","Il17a-Il17ra"
"786","Il17f","Il17ra","Il17f-Il17ra"
"787","Il17af","Il17ra","Il17af-Il17ra"
"788","Il17b","Il17rb","Il17b-Il17rb"
"789","Il17c","Il17ra","Il17c-Il17ra"
"790","Il25","Il17ra","Il25-Il17ra"
"791","Il34","Csf1r","Il34-Csf1r"
"792","Csf1","Csf1r","Csf1-Csf1r"
"793","Il16","Cd4","Il16-Cd4"
"794","Epo","Epor","Epo-Epor"
"795","Gh1","Ghr","Gh1-Ghr"
"796","Prl","Prlr","Prl-Prlr"
"797","Thpo","Mpl","Thpo-Mpl"
"798","Csf3","Csf3r","Csf3-Csf3r"
"799","Ifna","Ifnar1","Ifna-Ifnar1"
"800","Ifnb1","Ifnar1","Ifnb1-Ifnar1"
"801","Ifnk","Ifnar1","Ifnk-Ifnar1"
"802","Ifne","Ifnar1","Ifne-Ifnar1"
"803","Ifna11","Ifnar1","Ifna11-Ifnar1"
"804","Ifna1","Ifnar1","Ifna1-Ifnar1"
"805","Ifna2","Ifnar1","Ifna2-Ifnar1"
"806","Ifna4","Ifnar1","Ifna4-Ifnar1"
"807","Ifna5","Ifnar1","Ifna5-Ifnar1"
"808","Ifna6","Ifnar1","Ifna6-Ifnar1"
"809","Ifna7","Ifnar1","Ifna7-Ifnar1"
"810","Ifna9","Ifnar1","Ifna9-Ifnar1"
"811","Ifnab","Ifnar1","Ifnab-Ifnar1"
"812","Ifna12","Ifnar1","Ifna12-Ifnar1"
"813","Ifna13","Ifnar1","Ifna13-Ifnar1"
"814","Ifna14","Ifnar1","Ifna14-Ifnar1"
"815","Ifna15","Ifnar1","Ifna15-Ifnar1"
"816","Ifng","Ifngr1","Ifng-Ifngr1"
"817","Ifnl2","Ifnlr1","Ifnl2-Ifnlr1"
"818","Ifnl3","Ifnlr1","Ifnl3-Ifnlr1"
"819","Tnf","Tnfrsf1a","Tnf-Tnfrsf1a"
"820","Tnf","Tnfrsf1b","Tnf-Tnfrsf1b"
"821","Lta","Tnfrsf1a","Lta-Tnfrsf1a"
"822","Lta","Tnfrsf1b","Lta-Tnfrsf1b"
"823","Lta","Tnfrsf14","Lta-Tnfrsf14"
"824","Lta","Ltb","Lta-Ltb"
"825","Tnfsf14","Ltbr","Tnfsf14-Ltbr"
"826","Tnfsf14","Tnfrsf14","Tnfsf14-Tnfrsf14"
"827","Fasl","Fas","Fasl-Fas"
"828","Tnfsf15","Tnfrsf25","Tnfsf15-Tnfrsf25"
"829","Tnfsf10","Tnfrsf10b","Tnfsf10-Tnfrsf10b"
"830","Eda","Edar","Eda-Edar"
"831","Eda","Eda2r","Eda-Eda2r"
"832","Ngf","Ngfr","Ngf-Ngfr"
"833","Klk1b4","Ngfr","Klk1b4-Ngfr"
"834","Tnfsf11","Tnfrsf11a","Tnfsf11-Tnfrsf11a"
"835","Tnfsf11","Tnfrsf11b","Tnfsf11-Tnfrsf11b"
"836","Tnfsf12","Tnfrsf12a","Tnfsf12-Tnfrsf12a"
"837","Cd70","Cd27","Cd70-Cd27"
"838","Tnfsf8","Tnfrsf8","Tnfsf8-Tnfrsf8"
"839","Tnfsf9","Tnfrsf9","Tnfsf9-Tnfrsf9"
"840","Tnfsf4","Tnfrsf4","Tnfsf4-Tnfrsf4"
"841","Tnfsf18","Tnfrsf18","Tnfsf18-Tnfrsf18"
"842","Tnfsf13","Tnfrsf17","Tnfsf13-Tnfrsf17"
"843","Tnfsf13","Tnfrsf13b","Tnfsf13-Tnfrsf13b"
"844","Tnfsf13b","Tnfrsf17","Tnfsf13b-Tnfrsf17"
"845","Tnfsf13b","Tnfrsf13b","Tnfsf13b-Tnfrsf13b"
"846","Tnfsf13b","Tnfrsf13c","Tnfsf13b-Tnfrsf13c"
"847","Cd40lg","Itga2b","Cd40lg-Itga2b"
"848","Cd40lg","Itga5","Cd40lg-Itga5"
"849","Cd40lg","Itgam","Cd40lg-Itgam"
"850","Spp1","Cd44","Spp1-Cd44"
"851","Spp1","Itgav","Spp1-Itgav"
"855","Spp1","Itga4","Spp1-Itga4"
"856","Spp1","Itga9","Spp1-Itga9"
"857","Spp1","Itga8","Spp1-Itga8"
"858","Spp1","Itga5","Spp1-Itga5"
"859","Adipoq","Adipor1","Adipoq-Adipor1"
"860","Adipoq","Adipor2","Adipoq-Adipor2"
"861","Retn","Tlr4","Retn-Tlr4"
"862","Retn","Cap1","Retn-Cap1"
"863","Nampt","Insr","Nampt-Insr"
"864","Nampt","Itga5","Nampt-Itga5"
"865","Angptl1","Itga1","Angptl1-Itga1"
"866","Angptl2","Itga5","Angptl2-Itga5"
"867","Angptl2","Tlr4","Angptl2-Tlr4"
"868","Angptl2","Pirb","Angptl2-Pirb"
"869","Angptl1","Pirb","Angptl1-Pirb"
"870","Angptl7","Pirb","Angptl7-Pirb"
"871","Angptl4","Itga5","Angptl4-Itga5"
"872","Angptl4","Itgav","Angptl4-Itgav"
"873","Angptl4","Cdh5","Angptl4-Cdh5"
"874","Angptl4","Cdh11","Angptl4-Cdh11"
"875","Angptl4","Sdc1","Angptl4-Sdc1"
"876","Angptl4","Sdc2","Angptl4-Sdc2"
"877","Angptl4","Sdc3","Angptl4-Sdc3"
"878","Angptl4","Sdc4","Angptl4-Sdc4"
"879","Angptl3","Itgav","Angptl3-Itgav"
"880","Angpt1","Tek","Angpt1-Tek"
"881","Angpt2","Tek","Angpt2-Tek"
"882","Angpt2","Itga5","Angpt2-Itga5"
"883","Mdk","Sdc1","Mdk-Sdc1"
"884","Mdk","Sdc2","Mdk-Sdc2"
"885","Mdk","Sdc4","Mdk-Sdc4"
"886","Mdk","Ptprz1","Mdk-Ptprz1"
"887","Mdk","Itga4","Mdk-Itga4"
"888","Mdk","Itga6","Mdk-Itga6"
"889","Mdk","Lrp1","Mdk-Lrp1"
"890","Mdk","Ncl","Mdk-Ncl"
"891","Mdk","Alk","Mdk-Alk"
"892","Ptn","Ptprz1","Ptn-Ptprz1"
"893","Ptn","Sdc1","Ptn-Sdc1"
"894","Ptn","Sdc2","Ptn-Sdc2"
"895","Ptn","Sdc3","Ptn-Sdc3"
"896","Ptn","Sdc4","Ptn-Sdc4"
"897","Ptn","Itgav","Ptn-Itgav"
"898","Ptn","Ncl","Ptn-Ncl"
"899","Ptn","Alk","Ptn-Alk"
"900","Postn","Itgav","Postn-Itgav"
"902","Agt","Agtr1a","Agt-Agtr1a"
"903","Agt","Agtr1b","Agt-Agtr1b"
"904","Grp","Grpr","Grp-Grpr"
"905","Nmb","Nmbr","Nmb-Nmbr"
"906","Kng1","Bdkrb1","Kng1-Bdkrb1"
"907","Kng1","Bdkrb2","Kng1-Bdkrb2"
"908","Kng2","Bdkrb1","Kng2-Bdkrb1"
"909","Kng2","Bdkrb2","Kng2-Bdkrb2"
"910","C3","C3ar1","C3-C3ar1"
"911","C3","Cr2","C3-Cr2"
"912","C3","Itgam","C3-Itgam"
"913","C3","Itgax","C3-Itgax"
"914","C4a","C3ar1","C4a-C3ar1"
"915","C4b","Cr2","C4b-Cr2"
"916","Hc","C5ar1","Hc-C5ar1"
"917","Cck","Cckar","Cck-Cckar"
"918","Cck","Cckbr","Cck-Cckbr"
"919","Edn1","Ednra","Edn1-Ednra"
"920","Edn2","Ednra","Edn2-Ednra"
"921","Edn3","Ednra","Edn3-Ednra"
"922","Edn1","Ednrb","Edn1-Ednrb"
"923","Edn2","Ednrb","Edn2-Ednrb"
"924","Edn3","Ednrb","Edn3-Ednrb"
"925","Gal","Galr1","Gal-Galr1"
"926","Gal","Galr2","Gal-Galr2"
"927","Gal","Galr3","Gal-Galr3"
"928","Galp","Galr1","Galp-Galr1"
"929","Galp","Galr2","Galp-Galr2"
"930","Ghrl","Ghsr","Ghrl-Ghsr"
"931","Nmu","Nmur1","Nmu-Nmur1"
"932","Nmu","Nmur2","Nmu-Nmur2"
"933","Nms","Nmur1","Nms-Nmur1"
"934","Nms","Nmur2","Nms-Nmur2"
"935","Npff","Npffr1","Npff-Npffr1"
"936","Npff","Npffr2","Npff-Npffr2"
"937","Ppy","Npy1r","Ppy-Npy1r"
"938","Ppy","Npy2r","Ppy-Npy2r"
"939","Ppy","Npy4r","Ppy-Npy4r"
"940","Ppy","Npy5r","Ppy-Npy5r"
"941","Ppy","Npy6r","Ppy-Npy6r"
"942","Ppy","Gpr83","Ppy-Gpr83"
"943","Ppy","Pgr15l","Ppy-Pgr15l"
"944","Pyy","Npy1r","Pyy-Npy1r"
"945","Pyy","Npy2r","Pyy-Npy2r"
"946","Pyy","Npy4r","Pyy-Npy4r"
"947","Pyy","Npy5r","Pyy-Npy5r"
"948","Pyy","Npy6r","Pyy-Npy6r"
"949","Pyy","Gpr83","Pyy-Gpr83"
"950","Pyy","Pgr15l","Pyy-Pgr15l"
"951","Npb","Npbwr1","Npb-Npbwr1"
"952","Npw","Npbwr1","Npw-Npbwr1"
"953","Nts","Ntsr1","Nts-Ntsr1"
"954","Nts","Ntsr2","Nts-Ntsr2"
"955","Pdyn","Oprd1","Pdyn-Oprd1"
"956","Pdyn","Oprk1","Pdyn-Oprk1"
"957","Pdyn","Oprl1","Pdyn-Oprl1"
"958","Pdyn","Oprm1","Pdyn-Oprm1"
"959","Penk","Oprd1","Penk-Oprd1"
"960","Penk","Oprk1","Penk-Oprk1"
"961","Penk","Oprl1","Penk-Oprl1"
"962","Penk","Oprm1","Penk-Oprm1"
"963","Pomc","Oprd1","Pomc-Oprd1"
"964","Pomc","Oprk1","Pomc-Oprk1"
"965","Pomc","Oprl1","Pomc-Oprl1"
"966","Pomc","Oprm1","Pomc-Oprm1"
"967","Hcrt","Hcrtr1","Hcrt-Hcrtr1"
"968","Hcrt","Hcrtr2","Hcrt-Hcrtr2"
"969","Oxt","Oxtr","Oxt-Oxtr"
"970","Sst","Sstr1","Sst-Sstr1"
"971","Sst","Sstr2","Sst-Sstr2"
"972","Sst","Sstr3","Sst-Sstr3"
"973","Sst","Sstr4","Sst-Sstr4"
"974","Sst","Sstr5","Sst-Sstr5"
"975","Cort","Sstr1","Cort-Sstr1"
"976","Cort","Sstr2","Cort-Sstr2"
"977","Cort","Sstr3","Cort-Sstr3"
"978","Cort","Sstr4","Cort-Sstr4"
"979","Cort","Sstr5","Cort-Sstr5"
"980","Tac1","Tacr1","Tac1-Tacr1"
"981","Tac4","Tacr1","Tac4-Tacr1"
"982","Tac1","Tacr2","Tac1-Tacr2"
"983","Tac2","Tacr3","Tac2-Tacr3"
"984","Uts2","Uts2r","Uts2-Uts2r"
"985","Prlh","Prlhr","Prlh-Prlhr"
"986","Gm10334","F2r","Gm10334-F2r"
"987","Try5","F2r","Try5-F2r"
"988","Ctsg","F2r","Ctsg-F2r"
"989","F2","F2r","F2-F2r"
"990","Gzma","F2r","Gzma-F2r"
"991","Prss2","F2r","Prss2-F2r"
"992","Try4","F2r","Try4-F2r"
"993","Try10","F2r","Try10-F2r"
"994","Gm10334","F2rl1","Gm10334-F2rl1"
"995","Try5","F2rl1","Try5-F2rl1"
"996","Ctsg","F2rl1","Ctsg-F2rl1"
"997","F2","F2rl1","F2-F2rl1"
"998","Gzma","F2rl1","Gzma-F2rl1"
"999","Prss2","F2rl1","Prss2-F2rl1"
"1000","Try4","F2rl1","Try4-F2rl1"
"1001","Try10","F2rl1","Try10-F2rl1"
"1002","Gm10334","F2rl2","Gm10334-F2rl2"
"1003","Try5","F2rl2","Try5-F2rl2"
"1004","Ctsg","F2rl2","Ctsg-F2rl2"
"1005","F2","F2rl2","F2-F2rl2"
"1006","Gzma","F2rl2","Gzma-F2rl2"
"1007","Prss2","F2rl2","Prss2-F2rl2"
"1008","Try4","F2rl2","Try4-F2rl2"
"1009","Try10","F2rl2","Try10-F2rl2"
"1010","Gm10334","F2rl3","Gm10334-F2rl3"
"1011","Try5","F2rl3","Try5-F2rl3"
"1012","Ctsg","F2rl3","Ctsg-F2rl3"
"1013","F2","F2rl3","F2-F2rl3"
"1014","Gzma","F2rl3","Gzma-F2rl3"
"1015","Plg","F2rl3","Plg-F2rl3"
"1016","Prss2","F2rl3","Prss2-F2rl3"
"1017","Try4","F2rl3","Try4-F2rl3"
"1018","Try10","F2rl3","Try10-F2rl3"
"1019","Gm10334","Pard3","Gm10334-Pard3"
"1020","Try5","Pard3","Try5-Pard3"
"1021","Ctsg","Pard3","Ctsg-Pard3"
"1022","F2","Pard3","F2-Pard3"
"1023","Gzma","Pard3","Gzma-Pard3"
"1024","Plg","Pard3","Plg-Pard3"
"1025","Prss2","Pard3","Prss2-Pard3"
"1026","Try4","Pard3","Try4-Pard3"
"1027","Try10","Pard3","Try10-Pard3"
"1028","Pmch","Mchr1","Pmch-Mchr1"
"1029","Prok1","Prokr2","Prok1-Prokr2"
"1030","Prok1","Prokr1","Prok1-Prokr1"
"1031","Prok2","Prokr1","Prok2-Prokr1"
"1032","Prok2","Prokr2","Prok2-Prokr2"
"1033","Adcyap1","Adcyap1r1","Adcyap1-Adcyap1r1"
"1034","Nppa","Npr1","Nppa-Npr1"
"1035","Nppb","Npr1","Nppb-Npr1"
"1036","Nppc","Npr2","Nppc-Npr2"
"1037","Kitl","Kit","Kitl-Kit"
"1038","Gcg","Gipr","Gcg-Gipr"
"1039","Gip","Gipr","Gip-Gipr"
"1040","Fshb","Fshr","Fshb-Fshr"
"1041","Cga","Fshr","Cga-Fshr"
"1042","Lhb","Lhcgr","Lhb-Lhcgr"
"1043","Cga","Lhcgr","Cga-Lhcgr"
"1044","Tshb","Tshr","Tshb-Tshr"
"1045","Cga","Tshr","Cga-Tshr"
"1046","Bdnf","Ntrk2","Bdnf-Ntrk2"
"1047","Ngf","Ntrk1","Ngf-Ntrk1"
"1048","Flt3l","Flt3","Flt3l-Flt3"
"1049","Hgf","Met","Hgf-Met"
"1050","Ngfa","Ntrk1","Ngfa-Ntrk1"
"1051","Ntf3","Ntrk1","Ntf3-Ntrk1"
"1052","Ntf3","Ntrk2","Ntf3-Ntrk2"
"1053","Ntf3","Ntrk3","Ntf3-Ntrk3"
"1054","Ntf5","Ntrk2","Ntf5-Ntrk2"
"1055","Sema3a","Nrp1","Sema3a-Nrp1"
"1059","Sema3b","Nrp1","Sema3b-Nrp1"
"1063","Sema3c","Nrp1","Sema3c-Nrp1"
"1067","Sema3d","Nrp1","Sema3d-Nrp1"
"1071","Sema3b","Nrp2","Sema3b-Nrp2"
"1075","Sema3c","Nrp2","Sema3c-Nrp2"
"1079","Sema3d","Nrp2","Sema3d-Nrp2"
"1083","Sema3f","Nrp2","Sema3f-Nrp2"
"1087","Sema3g","Nrp2","Sema3g-Nrp2"
"1092","Sema3c","Plxnd1","Sema3c-Plxnd1"
"1093","Sema3e","Plxnd1","Sema3e-Plxnd1"
"1094","Adm","Calcr","Adm-Calcr"
"1095","Adm","Calcrl","Adm-Calcrl"
"1096","Agt","Mas1","Agt-Mas1"
"1097","Anxa1","Fpr2","Anxa1-Fpr2"
"1098","Anxa1","Fpr1","Anxa1-Fpr1"
"1099","Apela","Aplnr","Apela-Aplnr"
"1100","Calca","Calcr","Calca-Calcr"
"1101","Calca","Calcrl","Calca-Calcrl"
"1102","Calcb","Calcr","Calcb-Calcr"
"1103","Calcb","Calcrl","Calcb-Calcrl"
"1104","Crh","Crhr1","Crh-Crhr1"
"1105","Crh","Crhr2","Crh-Crhr2"
"1106","Enho","Gpr19","Enho-Gpr19"
"1107","Gas6","Axl","Gas6-Axl"
"1108","Gas6","Mertk","Gas6-Mertk"
"1109","Gas6","Tyro3","Gas6-Tyro3"
"1110","Gcg","Gcgr","Gcg-Gcgr"
"1111","Gcg","Glp1r","Gcg-Glp1r"
"1112","Gcg","Glp2r","Gcg-Glp2r"
"1113","Gh","Ghr","Gh-Ghr"
"1114","Gh","Prlr","Gh-Prlr"
"1115","Ghrh","Vipr1","Ghrh-Vipr1"
"1116","Ghrh","Vipr2","Ghrh-Vipr2"
"1117","Ghrh","Ghsr","Ghrh-Ghsr"
"1118","Ghrh","Ghrhr","Ghrh-Ghrhr"
"1119","Gnrh1","Gnrhr","Gnrh1-Gnrhr"
"1120","Grn","Sort1","Grn-Sort1"
"1121","Guca2a","Gucy2c","Guca2a-Gucy2c"
"1122","Guca2b","Gucy2c","Guca2b-Gucy2c"
"1123","Iapp","Calcr","Iapp-Calcr"
"1124","Iapp","Calcrl","Iapp-Calcrl"
"1125","Insl3","Rxfp2","Insl3-Rxfp2"
"1126","Insl3","Rxfp1","Insl3-Rxfp1"
"1127","Insl3","Rxfp4","Insl3-Rxfp4"
"1128","Insl3","Rxfp3","Insl3-Rxfp3"
"1129","Insl5","Rxfp4","Insl5-Rxfp4"
"1130","Insl5","Rxfp3","Insl5-Rxfp3"
"1131","Insl5","Rxfp2","Insl5-Rxfp2"
"1132","Insl5","Rxfp1","Insl5-Rxfp1"
"1133","Lep","Lepr","Lep-Lepr"
"1134","Lgals9","Cd45","Lgals9-Cd45"
"1135","Lgals9","Ighm","Lgals9-Ighm"
"1136","Nps","Npsr1","Nps-Npsr1"
"1137","Npvf","Npffr1","Npvf-Npffr1"
"1138","Npvf","Npffr2","Npvf-Npffr2"
"1139","Ostn","Npr3","Ostn-Npr3"
"1140","Pmch","Mertk","Pmch-Mertk"
"1141","Pros1","Axl","Pros1-Axl"
"1142","Pros1","Tyro3","Pros1-Tyro3"
"1143","Psap","Gpr37l1","Psap-Gpr37l1"
"1144","Psap","Gpr37","Psap-Gpr37"
"1145","Pth","Pth1r","Pth-Pth1r"
"1146","Pth","Pth2r","Pth-Pth2r"
"1147","Pth2","Pth1r","Pth2-Pth1r"
"1148","Pth2","Pth2r","Pth2-Pth2r"
"1149","Pthlh","Pth1r","Pthlh-Pth1r"
"1150","Qrfp","Qrfpr","Qrfp-Qrfpr"
"1151","Rarres2","Gpr1","Rarres2-Gpr1"
"1152","Rarres2","Cmklr1","Rarres2-Cmklr1"
"1153","Rln1","Rxfp2","Rln1-Rxfp2"
"1154","Rln1","Rxfp1","Rln1-Rxfp1"
"1155","Rln1","Rxfp3","Rln1-Rxfp3"
"1156","Rln1","Rxfp4","Rln1-Rxfp4"
"1157","Rln3","Rxfp3","Rln3-Rxfp3"
"1158","Rln3","Rxfp1","Rln3-Rxfp1"
"1159","Rln3","Rxfp4","Rln3-Rxfp4"
"1160","Rln3","Rxfp2","Rln3-Rxfp2"
"1161","Saa2","Fpr2","Saa2-Fpr2"
"1162","Scgb3a2","Marco","Scgb3a2-Marco"
"1163","Sct","Sctr","Sct-Sctr"
"1164","Slurp1","Chrnb1","Slurp1-Chrnb1"
"1165","Slurp1","Chrnb2","Slurp1-Chrnb2"
"1166","Slurp1","Chrnb3","Slurp1-Chrnb3"
"1167","Slurp1","Chrnb4","Slurp1-Chrnb4"
"1168","Slurp1","Chrna1","Slurp1-Chrna1"
"1169","Slurp1","Chrna2","Slurp1-Chrna2"
"1170","Slurp1","Chrna3","Slurp1-Chrna3"
"1171","Slurp1","Chrna4","Slurp1-Chrna4"
"1172","Slurp1","Chrna5","Slurp1-Chrna5"
"1173","Slurp1","Chrna6","Slurp1-Chrna6"
"1174","Slurp1","Chrna9","Slurp1-Chrna9"
"1175","Slurp1","Chrna10","Slurp1-Chrna10"
"1176","Slurp1","Chrnd","Slurp1-Chrnd"
"1177","Slurp1","Chrne","Slurp1-Chrne"
"1178","Slurp1","Chrng","Slurp1-Chrng"
"1179","Slurp1","Chrna7","Slurp1-Chrna7"
"1180","Slurp2","Chrnb1","Slurp2-Chrnb1"
"1181","Slurp2","Chrnb2","Slurp2-Chrnb2"
"1182","Slurp2","Chrnb3","Slurp2-Chrnb3"
"1183","Slurp2","Chrnb4","Slurp2-Chrnb4"
"1184","Slurp2","Chrna1","Slurp2-Chrna1"
"1185","Slurp2","Chrna2","Slurp2-Chrna2"
"1186","Slurp2","Chrna3","Slurp2-Chrna3"
"1187","Slurp2","Chrna4","Slurp2-Chrna4"
"1188","Slurp2","Chrna5","Slurp2-Chrna5"
"1189","Slurp2","Chrna6","Slurp2-Chrna6"
"1190","Slurp2","Chrna7","Slurp2-Chrna7"
"1191","Slurp2","Chrna9","Slurp2-Chrna9"
"1192","Slurp2","Chrna10","Slurp2-Chrna10"
"1193","Slurp2","Chrnd","Slurp2-Chrnd"
"1194","Slurp2","Chrne","Slurp2-Chrne"
"1195","Slurp2","Chrng","Slurp2-Chrng"
"1196","Btla","Tnfrsf14","Btla-Tnfrsf14"
"1197","Trh","Trhr","Trh-Trhr"
"1198","Trh","Trhr2","Trh-Trhr2"
"1199","Ucn","Crhr1","Ucn-Crhr1"
"1200","Ucn","Crhr2","Ucn-Crhr2"
"1201","Ucn2","Crhr1","Ucn2-Crhr1"
"1202","Ucn2","Crhr2","Ucn2-Crhr2"
"1203","Ucn3","Crhr1","Ucn3-Crhr1"
"1204","Ucn3","Crhr2","Ucn3-Crhr2"
"1205","Uts2b","Uts2r","Uts2b-Uts2r"
"1206","Uts2b","Sstr5","Uts2b-Sstr5"
"1207","Bag6","Ncr3-ps","Bag6-Ncr3-ps"
"1208","Lgals9","Havcr2","Lgals9-Havcr2"
"1209","Lgals9","Cd44","Lgals9-Cd44"
"1210","Col1a1","Itga1","Col1a1-Itga1"
"1211","Col1a2","Itga1","Col1a2-Itga1"
"1212","Col2a1","Itga1","Col2a1-Itga1"
"1213","Col4a1","Itga1","Col4a1-Itga1"
"1214","Col4a2","Itga1","Col4a2-Itga1"
"1215","Col4a3","Itga1","Col4a3-Itga1"
"1216","Col4a4","Itga1","Col4a4-Itga1"
"1217","Col4a5","Itga1","Col4a5-Itga1"
"1218","Col4a6","Itga1","Col4a6-Itga1"
"1219","Col6a1","Itga1","Col6a1-Itga1"
"1220","Col6a2","Itga1","Col6a2-Itga1"
"1221","Col6a3","Itga1","Col6a3-Itga1"
"1222","Col6a4","Itga1","Col6a4-Itga1"
"1223","Col6a5","Itga1","Col6a5-Itga1"
"1224","Col6a6","Itga1","Col6a6-Itga1"
"1225","Col9a1","Itga1","Col9a1-Itga1"
"1226","Col9a2","Itga1","Col9a2-Itga1"
"1227","Col9a3","Itga1","Col9a3-Itga1"
"1228","Col1a1","Itga2","Col1a1-Itga2"
"1229","Col1a2","Itga2","Col1a2-Itga2"
"1230","Col2a1","Itga2","Col2a1-Itga2"
"1231","Col4a1","Itga2","Col4a1-Itga2"
"1232","Col4a2","Itga2","Col4a2-Itga2"
"1233","Col4a3","Itga2","Col4a3-Itga2"
"1234","Col4a4","Itga2","Col4a4-Itga2"
"1235","Col4a5","Itga2","Col4a5-Itga2"
"1236","Col4a6","Itga2","Col4a6-Itga2"
"1237","Col6a1","Itga2","Col6a1-Itga2"
"1238","Col6a2","Itga2","Col6a2-Itga2"
"1239","Col6a3","Itga2","Col6a3-Itga2"
"1240","Col6a4","Itga2","Col6a4-Itga2"
"1241","Col6a5","Itga2","Col6a5-Itga2"
"1242","Col6a6","Itga2","Col6a6-Itga2"
"1243","Col9a1","Itga2","Col9a1-Itga2"
"1244","Col9a2","Itga2","Col9a2-Itga2"
"1245","Col9a3","Itga2","Col9a3-Itga2"
"1246","Fn1","Itga3","Fn1-Itga3"
"1247","Fn1","Itga4","Fn1-Itga4"
"1248","Fn1","Itga5","Fn1-Itga5"
"1249","Fn1","Itga8","Fn1-Itga8"
"1250","Lama1","Itga1","Lama1-Itga1"
"1251","Lama2","Itga1","Lama2-Itga1"
"1252","Lama3","Itga1","Lama3-Itga1"
"1253","Lama4","Itga1","Lama4-Itga1"
"1254","Lama5","Itga1","Lama5-Itga1"
"1255","Lamb1","Itga1","Lamb1-Itga1"
"1256","Lamb2","Itga1","Lamb2-Itga1"
"1257","Lamb3","Itga1","Lamb3-Itga1"
"1258","Lamc1","Itga1","Lamc1-Itga1"
"1259","Lamc2","Itga1","Lamc2-Itga1"
"1260","Lamc3","Itga1","Lamc3-Itga1"
"1261","Lama1","Itga2","Lama1-Itga2"
"1262","Lama2","Itga2","Lama2-Itga2"
"1263","Lama3","Itga2","Lama3-Itga2"
"1264","Lama4","Itga2","Lama4-Itga2"
"1265","Lama5","Itga2","Lama5-Itga2"
"1266","Lamb1","Itga2","Lamb1-Itga2"
"1267","Lamb2","Itga2","Lamb2-Itga2"
"1268","Lamb3","Itga2","Lamb3-Itga2"
"1269","Lamc1","Itga2","Lamc1-Itga2"
"1270","Lamc2","Itga2","Lamc2-Itga2"
"1271","Lamc3","Itga2","Lamc3-Itga2"
"1272","Chad","Itga2","Chad-Itga2"
"1273","Lama1","Itga3","Lama1-Itga3"
"1274","Lama2","Itga3","Lama2-Itga3"
"1275","Lama3","Itga3","Lama3-Itga3"
"1276","Lama4","Itga3","Lama4-Itga3"
"1277","Lama5","Itga3","Lama5-Itga3"
"1278","Lamb1","Itga3","Lamb1-Itga3"
"1279","Lamb2","Itga3","Lamb2-Itga3"
"1280","Lamb3","Itga3","Lamb3-Itga3"
"1281","Lamc1","Itga3","Lamc1-Itga3"
"1282","Lamc2","Itga3","Lamc2-Itga3"
"1283","Lamc3","Itga3","Lamc3-Itga3"
"1284","Reln","Itga3","Reln-Itga3"
"1285","Thbs1","Itga3","Thbs1-Itga3"
"1286","Thbs2","Itga3","Thbs2-Itga3"
"1287","Thbs3","Itga3","Thbs3-Itga3"
"1288","Thbs4","Itga3","Thbs4-Itga3"
"1289","Comp","Itga3","Comp-Itga3"
"1290","Col1a1","Itga3","Col1a1-Itga3"
"1291","Col1a2","Itga3","Col1a2-Itga3"
"1292","Col2a1","Itga3","Col2a1-Itga3"
"1293","Col4a1","Itga3","Col4a1-Itga3"
"1294","Col4a2","Itga3","Col4a2-Itga3"
"1295","Col4a3","Itga3","Col4a3-Itga3"
"1296","Col4a4","Itga3","Col4a4-Itga3"
"1297","Col4a5","Itga3","Col4a5-Itga3"
"1298","Col4a6","Itga3","Col4a6-Itga3"
"1299","Col6a1","Itga3","Col6a1-Itga3"
"1300","Col6a2","Itga3","Col6a2-Itga3"
"1301","Col6a3","Itga3","Col6a3-Itga3"
"1302","Col6a4","Itga3","Col6a4-Itga3"
"1303","Col6a5","Itga3","Col6a5-Itga3"
"1304","Col6a6","Itga3","Col6a6-Itga3"
"1305","Col9a1","Itga3","Col9a1-Itga3"
"1306","Col9a2","Itga3","Col9a2-Itga3"
"1307","Col9a3","Itga3","Col9a3-Itga3"
"1308","Lama1","Itga6","Lama1-Itga6"
"1309","Lama2","Itga6","Lama2-Itga6"
"1310","Lama3","Itga6","Lama3-Itga6"
"1311","Lama4","Itga6","Lama4-Itga6"
"1312","Lama5","Itga6","Lama5-Itga6"
"1313","Lamb1","Itga6","Lamb1-Itga6"
"1314","Lamb2","Itga6","Lamb2-Itga6"
"1315","Lamb3","Itga6","Lamb3-Itga6"
"1316","Lamc1","Itga6","Lamc1-Itga6"
"1317","Lamc2","Itga6","Lamc2-Itga6"
"1318","Lamc3","Itga6","Lamc3-Itga6"
"1319","Lama1","Itga7","Lama1-Itga7"
"1320","Lama2","Itga7","Lama2-Itga7"
"1321","Lama3","Itga7","Lama3-Itga7"
"1322","Lama4","Itga7","Lama4-Itga7"
"1323","Lama5","Itga7","Lama5-Itga7"
"1324","Lamb1","Itga7","Lamb1-Itga7"
"1325","Lamb2","Itga7","Lamb2-Itga7"
"1326","Lamb3","Itga7","Lamb3-Itga7"
"1327","Lamc1","Itga7","Lamc1-Itga7"
"1328","Lamc2","Itga7","Lamc2-Itga7"
"1329","Lamc3","Itga7","Lamc3-Itga7"
"1330","Vtn","Itga8","Vtn-Itga8"
"1331","Tnc","Itga8","Tnc-Itga8"
"1332","Tnr","Itga8","Tnr-Itga8"
"1333","Tnn","Itga8","Tnn-Itga8"
"1334","Tnxb","Itga8","Tnxb-Itga8"
"1335","Npnt1","Itga8","Npnt1-Itga8"
"1336","Npnt2","Itga8","Npnt2-Itga8"
"1337","Tnc","Itga9","Tnc-Itga9"
"1338","Tnr","Itga9","Tnr-Itga9"
"1339","Tnn","Itga9","Tnn-Itga9"
"1340","Tnxb","Itga9","Tnxb-Itga9"
"1341","Col1a1","Itga9","Col1a1-Itga9"
"1342","Col1a2","Itga9","Col1a2-Itga9"
"1343","Col2a1","Itga9","Col2a1-Itga9"
"1344","Col4a1","Itga9","Col4a1-Itga9"
"1345","Col4a2","Itga9","Col4a2-Itga9"
"1346","Col4a3","Itga9","Col4a3-Itga9"
"1347","Col4a4","Itga9","Col4a4-Itga9"
"1348","Col4a5","Itga9","Col4a5-Itga9"
"1349","Col4a6","Itga9","Col4a6-Itga9"
"1350","Col6a1","Itga9","Col6a1-Itga9"
"1351","Col6a2","Itga9","Col6a2-Itga9"
"1352","Col6a3","Itga9","Col6a3-Itga9"
"1353","Col6a4","Itga9","Col6a4-Itga9"
"1354","Col6a5","Itga9","Col6a5-Itga9"
"1355","Col6a6","Itga9","Col6a6-Itga9"
"1356","Col9a1","Itga9","Col9a1-Itga9"
"1357","Col9a2","Itga9","Col9a2-Itga9"
"1358","Col9a3","Itga9","Col9a3-Itga9"
"1359","Lama1","Itga9","Lama1-Itga9"
"1360","Lama2","Itga9","Lama2-Itga9"
"1361","Lama3","Itga9","Lama3-Itga9"
"1362","Lama4","Itga9","Lama4-Itga9"
"1363","Lama5","Itga9","Lama5-Itga9"
"1364","Lamb1","Itga9","Lamb1-Itga9"
"1365","Lamb2","Itga9","Lamb2-Itga9"
"1366","Lamb3","Itga9","Lamb3-Itga9"
"1367","Lamc1","Itga9","Lamc1-Itga9"
"1368","Lamc2","Itga9","Lamc2-Itga9"
"1369","Lamc3","Itga9","Lamc3-Itga9"
"1370","Col1a1","Itga10","Col1a1-Itga10"
"1371","Col1a2","Itga10","Col1a2-Itga10"
"1372","Col2a1","Itga10","Col2a1-Itga10"
"1373","Col4a1","Itga10","Col4a1-Itga10"
"1374","Col4a2","Itga10","Col4a2-Itga10"
"1375","Col4a3","Itga10","Col4a3-Itga10"
"1376","Col4a4","Itga10","Col4a4-Itga10"
"1377","Col4a5","Itga10","Col4a5-Itga10"
"1378","Col4a6","Itga10","Col4a6-Itga10"
"1379","Col6a1","Itga10","Col6a1-Itga10"
"1380","Col6a2","Itga10","Col6a2-Itga10"
"1381","Col6a3","Itga10","Col6a3-Itga10"
"1382","Col6a4","Itga10","Col6a4-Itga10"
"1383","Col6a5","Itga10","Col6a5-Itga10"
"1384","Col6a6","Itga10","Col6a6-Itga10"
"1385","Col9a1","Itga10","Col9a1-Itga10"
"1386","Col9a2","Itga10","Col9a2-Itga10"
"1387","Col9a3","Itga10","Col9a3-Itga10"
"1388","Col1a1","Itga11","Col1a1-Itga11"
"1389","Col1a2","Itga11","Col1a2-Itga11"
"1390","Col2a1","Itga11","Col2a1-Itga11"
"1391","Col4a1","Itga11","Col4a1-Itga11"
"1392","Col4a2","Itga11","Col4a2-Itga11"
"1393","Col4a3","Itga11","Col4a3-Itga11"
"1394","Col4a4","Itga11","Col4a4-Itga11"
"1395","Col4a5","Itga11","Col4a5-Itga11"
"1396","Col4a6","Itga11","Col4a6-Itga11"
"1397","Col6a1","Itga11","Col6a1-Itga11"
"1398","Col6a2","Itga11","Col6a2-Itga11"
"1399","Col6a3","Itga11","Col6a3-Itga11"
"1400","Col6a4","Itga11","Col6a4-Itga11"
"1401","Col6a5","Itga11","Col6a5-Itga11"
"1402","Col6a6","Itga11","Col6a6-Itga11"
"1403","Col9a1","Itga11","Col9a1-Itga11"
"1404","Col9a2","Itga11","Col9a2-Itga11"
"1405","Col9a3","Itga11","Col9a3-Itga11"
"1406","Fn1","Itgav","Fn1-Itgav"
"1407","Vtn","Itgav","Vtn-Itgav"
"1408","Dspp","Itgav","Dspp-Itgav"
"1412","Vwf","Itgav","Vwf-Itgav"
"1413","Tnc","Itgav","Tnc-Itgav"
"1414","Tnr","Itgav","Tnr-Itgav"
"1415","Tnn","Itgav","Tnn-Itgav"
"1416","Tnxb","Itgav","Tnxb-Itgav"
"1417","Ibsp","Itgav","Ibsp-Itgav"
"1418","Thbs1","Itgav","Thbs1-Itgav"
"1419","Thbs2","Itgav","Thbs2-Itgav"
"1420","Thbs3","Itgav","Thbs3-Itgav"
"1421","Thbs4","Itgav","Thbs4-Itgav"
"1422","Comp","Itgav","Comp-Itgav"
"1423","Dmp1","Itgav","Dmp1-Itgav"
"1424","Fn1","Itga2b","Fn1-Itga2b"
"1425","Vtn","Itga2b","Vtn-Itga2b"
"1426","Vwf","Itga2b","Vwf-Itga2b"
"1427","Tnc","Itga2b","Tnc-Itga2b"
"1428","Tnr","Itga2b","Tnr-Itga2b"
"1429","Tnn","Itga2b","Tnn-Itga2b"
"1430","Tnxb","Itga2b","Tnxb-Itga2b"
"1441","Lama1","Itgav","Lama1-Itgav"
"1442","Lama2","Itgav","Lama2-Itgav"
"1443","Lama3","Itgav","Lama3-Itgav"
"1444","Lama4","Itgav","Lama4-Itgav"
"1445","Lama5","Itgav","Lama5-Itgav"
"1446","Lamb1","Itgav","Lamb1-Itgav"
"1447","Lamb2","Itgav","Lamb2-Itgav"
"1448","Lamb3","Itgav","Lamb3-Itgav"
"1449","Lamc1","Itgav","Lamc1-Itgav"
"1450","Lamc2","Itgav","Lamc2-Itgav"
"1451","Lamc3","Itgav","Lamc3-Itgav"
"1452","Col1a1","Itgav","Col1a1-Itgav"
"1453","Col1a2","Itgav","Col1a2-Itgav"
"1454","Col2a1","Itgav","Col2a1-Itgav"
"1455","Col4a1","Itgav","Col4a1-Itgav"
"1456","Col4a2","Itgav","Col4a2-Itgav"
"1457","Col4a3","Itgav","Col4a3-Itgav"
"1458","Col4a4","Itgav","Col4a4-Itgav"
"1459","Col4a5","Itgav","Col4a5-Itgav"
"1460","Col4a6","Itgav","Col4a6-Itgav"
"1461","Col6a1","Itgav","Col6a1-Itgav"
"1462","Col6a2","Itgav","Col6a2-Itgav"
"1463","Col6a3","Itgav","Col6a3-Itgav"
"1464","Col6a4","Itgav","Col6a4-Itgav"
"1465","Col6a5","Itgav","Col6a5-Itgav"
"1466","Col6a6","Itgav","Col6a6-Itgav"
"1467","Col9a1","Itgav","Col9a1-Itgav"
"1468","Col9a2","Itgav","Col9a2-Itgav"
"1469","Col9a3","Itgav","Col9a3-Itgav"
"1481","Fn1","Cd44","Fn1-Cd44"
"1482","Col1a1","Cd44","Col1a1-Cd44"
"1483","Col1a2","Cd44","Col1a2-Cd44"
"1484","Col2a1","Cd44","Col2a1-Cd44"
"1485","Col4a1","Cd44","Col4a1-Cd44"
"1486","Col4a2","Cd44","Col4a2-Cd44"
"1487","Col4a3","Cd44","Col4a3-Cd44"
"1488","Col4a4","Cd44","Col4a4-Cd44"
"1489","Col4a5","Cd44","Col4a5-Cd44"
"1490","Col4a6","Cd44","Col4a6-Cd44"
"1491","Col6a1","Cd44","Col6a1-Cd44"
"1492","Col6a2","Cd44","Col6a2-Cd44"
"1493","Col6a3","Cd44","Col6a3-Cd44"
"1494","Col6a4","Cd44","Col6a4-Cd44"
"1495","Col6a5","Cd44","Col6a5-Cd44"
"1496","Col6a6","Cd44","Col6a6-Cd44"
"1497","Col9a1","Cd44","Col9a1-Cd44"
"1498","Col9a2","Cd44","Col9a2-Cd44"
"1499","Col9a3","Cd44","Col9a3-Cd44"
"1500","Lama1","Cd44","Lama1-Cd44"
"1501","Lama2","Cd44","Lama2-Cd44"
"1502","Lama3","Cd44","Lama3-Cd44"
"1503","Lama4","Cd44","Lama4-Cd44"
"1504","Lama5","Cd44","Lama5-Cd44"
"1505","Lamb1","Cd44","Lamb1-Cd44"
"1506","Lamb2","Cd44","Lamb2-Cd44"
"1507","Lamb3","Cd44","Lamb3-Cd44"
"1508","Lamc1","Cd44","Lamc1-Cd44"
"1509","Lamc2","Cd44","Lamc2-Cd44"
"1510","Lamc3","Cd44","Lamc3-Cd44"
"1511","Col1a1","Sdc1","Col1a1-Sdc1"
"1512","Col1a2","Sdc1","Col1a2-Sdc1"
"1513","Col2a1","Sdc1","Col2a1-Sdc1"
"1514","Col4a1","Sdc1","Col4a1-Sdc1"
"1515","Col4a2","Sdc1","Col4a2-Sdc1"
"1516","Col4a3","Sdc1","Col4a3-Sdc1"
"1517","Col4a4","Sdc1","Col4a4-Sdc1"
"1518","Col4a5","Sdc1","Col4a5-Sdc1"
"1519","Col4a6","Sdc1","Col4a6-Sdc1"
"1520","Col6a1","Sdc1","Col6a1-Sdc1"
"1521","Col6a2","Sdc1","Col6a2-Sdc1"
"1522","Col6a3","Sdc1","Col6a3-Sdc1"
"1523","Col6a4","Sdc1","Col6a4-Sdc1"
"1524","Col6a5","Sdc1","Col6a5-Sdc1"
"1525","Col6a6","Sdc1","Col6a6-Sdc1"
"1526","Col9a1","Sdc1","Col9a1-Sdc1"
"1527","Col9a2","Sdc1","Col9a2-Sdc1"
"1528","Col9a3","Sdc1","Col9a3-Sdc1"
"1529","Fn1","Sdc1","Fn1-Sdc1"
"1530","Tnc","Sdc1","Tnc-Sdc1"
"1531","Tnr","Sdc1","Tnr-Sdc1"
"1532","Tnn","Sdc1","Tnn-Sdc1"
"1533","Tnxb","Sdc1","Tnxb-Sdc1"
"1534","Thbs1","Sdc1","Thbs1-Sdc1"
"1535","Thbs2","Sdc1","Thbs2-Sdc1"
"1536","Thbs3","Sdc1","Thbs3-Sdc1"
"1537","Thbs4","Sdc1","Thbs4-Sdc1"
"1538","Comp","Sdc1","Comp-Sdc1"
"1539","Col1a1","Sdc4","Col1a1-Sdc4"
"1540","Col1a2","Sdc4","Col1a2-Sdc4"
"1541","Col2a1","Sdc4","Col2a1-Sdc4"
"1542","Col4a1","Sdc4","Col4a1-Sdc4"
"1543","Col4a2","Sdc4","Col4a2-Sdc4"
"1544","Col4a3","Sdc4","Col4a3-Sdc4"
"1545","Col4a4","Sdc4","Col4a4-Sdc4"
"1546","Col4a5","Sdc4","Col4a5-Sdc4"
"1547","Col4a6","Sdc4","Col4a6-Sdc4"
"1548","Col6a1","Sdc4","Col6a1-Sdc4"
"1549","Col6a2","Sdc4","Col6a2-Sdc4"
"1550","Col6a3","Sdc4","Col6a3-Sdc4"
"1551","Col6a4","Sdc4","Col6a4-Sdc4"
"1552","Col6a5","Sdc4","Col6a5-Sdc4"
"1553","Col6a6","Sdc4","Col6a6-Sdc4"
"1554","Col9a1","Sdc4","Col9a1-Sdc4"
"1555","Col9a2","Sdc4","Col9a2-Sdc4"
"1556","Col9a3","Sdc4","Col9a3-Sdc4"
"1557","Fn1","Sdc4","Fn1-Sdc4"
"1558","Tnc","Sdc4","Tnc-Sdc4"
"1559","Tnr","Sdc4","Tnr-Sdc4"
"1560","Tnn","Sdc4","Tnn-Sdc4"
"1561","Tnxb","Sdc4","Tnxb-Sdc4"
"1562","Thbs1","Sdc4","Thbs1-Sdc4"
"1563","Thbs2","Sdc4","Thbs2-Sdc4"
"1564","Thbs3","Sdc4","Thbs3-Sdc4"
"1565","Thbs4","Sdc4","Thbs4-Sdc4"
"1566","Comp","Sdc4","Comp-Sdc4"
"1567","Lama1","Sv2a","Lama1-Sv2a"
"1568","Lama2","Sv2a","Lama2-Sv2a"
"1569","Lama3","Sv2a","Lama3-Sv2a"
"1570","Lama4","Sv2a","Lama4-Sv2a"
"1571","Lama5","Sv2a","Lama5-Sv2a"
"1572","Lamb1","Sv2a","Lamb1-Sv2a"
"1573","Lamb2","Sv2a","Lamb2-Sv2a"
"1574","Lamb3","Sv2a","Lamb3-Sv2a"
"1575","Lamc1","Sv2a","Lamc1-Sv2a"
"1576","Lamc2","Sv2a","Lamc2-Sv2a"
"1577","Lamc3","Sv2a","Lamc3-Sv2a"
"1578","Lama1","Sv2b","Lama1-Sv2b"
"1579","Lama2","Sv2b","Lama2-Sv2b"
"1580","Lama3","Sv2b","Lama3-Sv2b"
"1581","Lama4","Sv2b","Lama4-Sv2b"
"1582","Lama5","Sv2b","Lama5-Sv2b"
"1583","Lamb1","Sv2b","Lamb1-Sv2b"
"1584","Lamb2","Sv2b","Lamb2-Sv2b"
"1585","Lamb3","Sv2b","Lamb3-Sv2b"
"1586","Lamc1","Sv2b","Lamc1-Sv2b"
"1587","Lamc2","Sv2b","Lamc2-Sv2b"
"1588","Lamc3","Sv2b","Lamc3-Sv2b"
"1589","Lama1","Sv2c","Lama1-Sv2c"
"1590","Lama2","Sv2c","Lama2-Sv2c"
"1591","Lama3","Sv2c","Lama3-Sv2c"
"1592","Lama4","Sv2c","Lama4-Sv2c"
"1593","Lama5","Sv2c","Lama5-Sv2c"
"1594","Lamb1","Sv2c","Lamb1-Sv2c"
"1595","Lamb2","Sv2c","Lamb2-Sv2c"
"1596","Lamb3","Sv2c","Lamb3-Sv2c"
"1597","Lamc1","Sv2c","Lamc1-Sv2c"
"1598","Lamc2","Sv2c","Lamc2-Sv2c"
"1599","Lamc3","Sv2c","Lamc3-Sv2c"
"1600","Thbs1","Cd36","Thbs1-Cd36"
"1601","Thbs2","Cd36","Thbs2-Cd36"
"1602","Thbs3","Cd36","Thbs3-Cd36"
"1603","Thbs4","Cd36","Thbs4-Cd36"
"1604","Comp","Cd36","Comp-Cd36"
"1605","Vwf","Gpcomplex","Vwf-Gpcomplex"
"1606","Col1a1","Gp6","Col1a1-Gp6"
"1607","Col1a2","Gp6","Col1a2-Gp6"
"1608","Col2a1","Gp6","Col2a1-Gp6"
"1609","Col4a1","Gp6","Col4a1-Gp6"
"1610","Col4a2","Gp6","Col4a2-Gp6"
"1611","Col4a3","Gp6","Col4a3-Gp6"
"1612","Col4a4","Gp6","Col4a4-Gp6"
"1613","Col4a5","Gp6","Col4a5-Gp6"
"1614","Col4a6","Gp6","Col4a6-Gp6"
"1615","Col6a1","Gp6","Col6a1-Gp6"
"1616","Col6a2","Gp6","Col6a2-Gp6"
"1617","Col6a3","Gp6","Col6a3-Gp6"
"1618","Col6a4","Gp6","Col6a4-Gp6"
"1619","Col6a5","Gp6","Col6a5-Gp6"
"1620","Col6a6","Gp6","Col6a6-Gp6"
"1621","Col9a1","Gp6","Col9a1-Gp6"
"1622","Col9a2","Gp6","Col9a2-Gp6"
"1623","Col9a3","Gp6","Col9a3-Gp6"
"1624","Thbs1","Cd47","Thbs1-Cd47"
"1625","Thbs2","Cd47","Thbs2-Cd47"
"1626","Thbs3","Cd47","Thbs3-Cd47"
"1627","Thbs4","Cd47","Thbs4-Cd47"
"1628","Comp","Cd47","Comp-Cd47"
"1629","Agrn","Dag1","Agrn-Dag1"
"1630","Hspg2","Dag1","Hspg2-Dag1"
"1631","Lama1","Dag1","Lama1-Dag1"
"1632","Lama2","Dag1","Lama2-Dag1"
"1633","Lama3","Dag1","Lama3-Dag1"
"1634","Lama4","Dag1","Lama4-Dag1"
"1635","Lama5","Dag1","Lama5-Dag1"
"1636","Lamb1","Dag1","Lamb1-Dag1"
"1637","Lamb2","Dag1","Lamb2-Dag1"
"1638","Lamb3","Dag1","Lamb3-Dag1"
"1639","Lamc1","Dag1","Lamc1-Dag1"
"1640","Lamc2","Dag1","Lamc2-Dag1"
"1641","Lamc3","Dag1","Lamc3-Dag1"
"1642","Adgre5","Cd55b","Adgre5-Cd55b"
"1643","Alcam","Cd6","Alcam-Cd6"
"1645","App","Cd74","App-Cd74"
"1646","Bst2","Pira2","Bst2-Pira2"
"1647","Cadm1","Cadm1","Cadm1-Cadm1"
"1648","Cadm3","Cadm3","Cadm3-Cadm3"
"1649","Cd1d2","Pira2","Cd1d2-Pira2"
"1650","Cd200","Cd200r1","Cd200-Cd200r1"
"1651","Cd200","Cd200r2","Cd200-Cd200r2"
"1652","Cd200","Cd200r3","Cd200-Cd200r3"
"1653","Cd200","Cd200r4","Cd200-Cd200r4"
"1654","Cd22","Ptprc","Cd22-Ptprc"
"1655","Cd226","Nectin2","Cd226-Nectin2"
"1656","Cd226","Pvr","Cd226-Pvr"
"1657","Fcer2a","Itgam","Fcer2a-Itgam"
"1658","Fcer2a","Itgax","Fcer2a-Itgax"
"1659","Fcer2a","Itgav","Fcer2a-Itgav"
"1660","Fcer2a","Cr2","Fcer2a-Cr2"
"1661","Cd34","Selp","Cd34-Selp"
"1662","Entpd1","Adora1","Entpd1-Adora1"
"1663","Entpd1","Adora2a","Entpd1-Adora2a"
"1664","Entpd1","Adora2b","Entpd1-Adora2b"
"1665","Entpd1","Tmigd3","Entpd1-Tmigd3"
"1666","Cd40lg","Cd40","Cd40lg-Cd40"
"1667","Ptprc","Cd22","Ptprc-Cd22"
"1668","Ptprc","Mrc1","Ptprc-Mrc1"
"1669","Cd46","Jag1","Cd46-Jag1"
"1670","Cd48","Cd244a","Cd48-Cd244a"
"1671","Cd52","Siglecg","Cd52-Siglecg"
"1672","Cd6","Alcam","Cd6-Alcam"
"1673","Cd80","Cd274","Cd80-Cd274"
"1674","Cd80","Cd28","Cd80-Cd28"
"1675","Cd80","Ctla4","Cd80-Ctla4"
"1676","Cd86","Cd28","Cd86-Cd28"
"1677","Cd86","Ctla4","Cd86-Ctla4"
"1678","Cd96","Nectin1","Cd96-Nectin1"
"1679","Cd96","Pvr","Cd96-Pvr"
"1680","Cd99","Pilra","Cd99-Pilra"
"1681","Cd99","Cd99","Cd99-Cd99"
"1682","Cdh15","Cdh15","Cdh15-Cdh15"
"1683","Cdh4","Cdh4","Cdh4-Cdh4"
"1684","Cdh2","Cdh2","Cdh2-Cdh2"
"1685","Cdh1","Cdh1","Cdh1-Cdh1"
"1686","Cdh1","Itga1","Cdh1-Itga1"
"1687","Cdh1","Itgae","Cdh1-Itgae"
"1688","Cdh1","Klrg1","Cdh1-Klrg1"
"1689","Cdh5","Cdh5","Cdh5-Cdh5"
"1690","Cd1d1","Ceacam5","Cd1d1-Ceacam5"
"1691","Cd209a","Ceacam1","Cd209a-Ceacam1"
"1692","Cd8a","Ceacam5","Cd8a-Ceacam5"
"1693","Ceacam1","Ceacam5","Ceacam1-Ceacam5"
"1694","Sele","Ceacam1","Sele-Ceacam1"
"1695","Cldn11","Cldn11","Cldn11-Cldn11"
"1696","Clec2d","Klrb1b","Clec2d-Klrb1b"
"1697","Clec2g","Klrb1","Clec2g-Klrb1"
"1698","Clec2h","Klrb1","Clec2h-Klrb1"
"1699","Clec2i","Klrb1","Clec2i-Klrb1"
"1700","Clec2f","Klrb1f","Clec2f-Klrb1f"
"1701","Clec2g","Klrb1f","Clec2g-Klrb1f"
"1702","Clec2i","Klrb1f","Clec2i-Klrb1f"
"1703","Nfasc","Cntn1","Nfasc-Cntn1"
"1704","Cntn2","Cntn2","Cntn2-Cntn2"
"1705","Cntn2","L1cam","Cntn2-L1cam"
"1707","Cntn1","Nrcam","Cntn1-Nrcam"
"1708","Cspg4","Itga2","Cspg4-Itga2"
"1709","Dsc1","Dsg1c","Dsc1-Dsg1c"
"1710","Dsc1","Dsg2","Dsc1-Dsg2"
"1711","Dsc2","Dsg1c","Dsc2-Dsg1c"
"1712","Dsc2","Dsg2","Dsc2-Dsg2"
"1713","Dsg1c","Dsc3","Dsg1c-Dsc3"
"1714","Dsg2","Dsc3","Dsg2-Dsc3"
"1715","Epgn","Egfr","Epgn-Egfr"
"1716","Efna1","Epha1","Efna1-Epha1"
"1717","Efna1","Epha2","Efna1-Epha2"
"1718","Efna1","Epha3","Efna1-Epha3"
"1719","Efna1","Epha4","Efna1-Epha4"
"1720","Efna1","Epha5","Efna1-Epha5"
"1721","Efna1","Epha7","Efna1-Epha7"
"1722","Efna1","Epha8","Efna1-Epha8"
"1723","Efna2","Epha1","Efna2-Epha1"
"1724","Efna2","Epha2","Efna2-Epha2"
"1725","Efna2","Epha3","Efna2-Epha3"
"1726","Efna2","Epha4","Efna2-Epha4"
"1727","Efna2","Epha5","Efna2-Epha5"
"1728","Efna2","Epha7","Efna2-Epha7"
"1729","Efna2","Epha8","Efna2-Epha8"
"1730","Efna3","Epha1","Efna3-Epha1"
"1731","Efna3","Epha2","Efna3-Epha2"
"1732","Efna3","Epha3","Efna3-Epha3"
"1733","Efna3","Epha4","Efna3-Epha4"
"1734","Efna3","Epha5","Efna3-Epha5"
"1735","Efna3","Epha7","Efna3-Epha7"
"1736","Efna3","Epha8","Efna3-Epha8"
"1737","Efna4","Epha1","Efna4-Epha1"
"1738","Efna4","Epha2","Efna4-Epha2"
"1739","Efna4","Epha3","Efna4-Epha3"
"1740","Efna4","Epha4","Efna4-Epha4"
"1741","Efna4","Epha5","Efna4-Epha5"
"1742","Efna4","Epha7","Efna4-Epha7"
"1743","Efna4","Epha8","Efna4-Epha8"
"1744","Efna5","Epha1","Efna5-Epha1"
"1745","Efna5","Epha2","Efna5-Epha2"
"1746","Efna5","Epha3","Efna5-Epha3"
"1747","Efna5","Epha4","Efna5-Epha4"
"1748","Efna5","Epha5","Efna5-Epha5"
"1749","Efna5","Epha7","Efna5-Epha7"
"1750","Efna5","Epha8","Efna5-Epha8"
"1751","Efna5","Ephb2","Efna5-Ephb2"
"1752","Efnb1","Epha4","Efnb1-Epha4"
"1753","Efnb1","Ephb1","Efnb1-Ephb1"
"1754","Efnb1","Ephb2","Efnb1-Ephb2"
"1755","Efnb1","Ephb3","Efnb1-Ephb3"
"1756","Efnb1","Ephb4","Efnb1-Ephb4"
"1757","Efnb2","Epha4","Efnb2-Epha4"
"1758","Efnb2","Ephb1","Efnb2-Ephb1"
"1759","Efnb2","Ephb2","Efnb2-Ephb2"
"1760","Efnb2","Ephb3","Efnb2-Ephb3"
"1761","Efnb2","Ephb4","Efnb2-Ephb4"
"1762","Efnb3","Epha4","Efnb3-Epha4"
"1763","Efnb3","Ephb1","Efnb3-Ephb1"
"1764","Efnb3","Ephb2","Efnb3-Ephb2"
"1765","Efnb3","Ephb3","Efnb3-Ephb3"
"1766","Efnb3","Ephb4","Efnb3-Ephb4"
"1767","Efnb3","Ephb6","Efnb3-Ephb6"
"1768","Esam","Esam","Esam-Esam"
"1769","Gp1ba","Itgam","Gp1ba-Itgam"
"1770","Icam1","Itgax","Icam1-Itgax"
"1771","Icam1","Itgal","Icam1-Itgal"
"1772","Icam2","Itgal","Icam2-Itgal"
"1773","Icam1","Itgam","Icam1-Itgam"
"1774","Icam2","Itgam","Icam2-Itgam"
"1780","Icam1","Spn","Icam1-Spn"
"1781","Icam5","Cd209a","Icam5-Cd209a"
"1782","Icam5","Cd209f","Icam5-Cd209f"
"1783","Icosl","Icos","Icosl-Icos"
"1784","Icosl","Cd28","Icosl-Cd28"
"1785","Icosl","Ctla4","Icosl-Ctla4"
"1786","Itgb2","Cd226","Itgb2-Cd226"
"1787","Itgb2","Icam1","Itgb2-Icam1"
"1788","Itgb2","Icam2","Itgb2-Icam2"
"1789","Itgb2l","Cd226","Itgb2l-Cd226"
"1790","Itgb2l","Icam1","Itgb2l-Icam1"
"1791","Itgb2l","Icam2","Itgb2l-Icam2"
"1792","Jam2","Itga3","Jam2-Itga3"
"1793","Jam2","Itgav","Jam2-Itgav"
"1794","Jam3","Itgam","Jam3-Itgam"
"1795","Jam1","Itgal","Jam1-Itgal"
"1797","Jam2","Jam3","Jam2-Jam3"
"1798","F11r","F11r","F11r-F11r"
"1799","F11r","Jam2","F11r-Jam2"
"1800","F11r","Jam3","F11r-Jam3"
"1801","Jam2","F11r","Jam2-F11r"
"1802","Jam2","Jam2","Jam2-Jam2"
"1803","Jam3","F11r","Jam3-F11r"
"1804","Jam3","Jam2","Jam3-Jam2"
"1805","Jam3","Jam3","Jam3-Jam3"
"1806","L1cam","Itgav","L1cam-Itgav"
"1807","L1cam","Itga4","L1cam-Itga4"
"1808","L1cam","L1cam","L1cam-L1cam"
"1809","Lair1","Pira2","Lair1-Pira2"
"1810","Lck","Cd8a","Lck-Cd8a"
"1811","Madcam1","Itga4","Madcam1-Itga4"
"1812","Mag","Mag","Mag-Mag"
"1813","H2-t23","Klrd1","H2-t23-Klrd1"
"1815","H2-m2","Cd8a","H2-m2-Cd8a"
"1816","H2-m3","Cd8a","H2-m3-Cd8a"
"1817","H2-m9","Cd8a","H2-m9-Cd8a"
"1818","H2-q1","Cd8a","H2-q1-Cd8a"
"1819","H2-q10","Cd8a","H2-q10-Cd8a"
"1820","H2-q2","Cd8a","H2-q2-Cd8a"
"1821","H2-q7","Cd8a","H2-q7-Cd8a"
"1822","H2-q8","Cd8a","H2-q8-Cd8a"
"1823","H2-t22","Cd8a","H2-t22-Cd8a"
"1824","H2-t23","Cd8a","H2-t23-Cd8a"
"1825","H2-t24","Cd8a","H2-t24-Cd8a"
"1826","H2-t3","Cd8a","H2-t3-Cd8a"
"1827","H2-t9","Cd8a","H2-t9-Cd8a"
"1828","H2-m10.4","Cd8a","H2-m10.4-Cd8a"
"1829","H2-m11","Cd8a","H2-m11-Cd8a"
"1830","H2-m1","Cd8a","H2-m1-Cd8a"
"1831","H2-m10.5","Cd8a","H2-m10.5-Cd8a"
"1832","H2-m10.2","Cd8a","H2-m10.2-Cd8a"
"1833","H2-m10.6","Cd8a","H2-m10.6-Cd8a"
"1834","H2-t10","Cd8a","H2-t10-Cd8a"
"1835","H2-q6","Cd8a","H2-q6-Cd8a"
"1836","H2-m10.3","Cd8a","H2-m10.3-Cd8a"
"1837","H2-bl","Cd8a","H2-bl-Cd8a"
"1838","H2-d1","Cd8a","H2-d1-Cd8a"
"1839","H2-k1","Cd8a","H2-k1-Cd8a"
"1840","H2-m10.1","Cd8a","H2-m10.1-Cd8a"
"1841","H2-t18","Cd8a","H2-t18-Cd8a"
"1842","H2-q9","Cd8a","H2-q9-Cd8a"
"1843","Gm8909","Cd8a","Gm8909-Cd8a"
"1844","H2-l","Cd8a","H2-l-Cd8a"
"1845","Gm10499","Cd8a","Gm10499-Cd8a"
"1846","H2-q4","Cd8a","H2-q4-Cd8a"
"1847","H2-t-ps","Cd8a","H2-t-ps-Cd8a"
"1848","Gm11127","Cd8a","Gm11127-Cd8a"
"1849","H2-m5","Cd8a","H2-m5-Cd8a"
"1850","Gm7030","Cd8a","Gm7030-Cd8a"
"1851","H2-m2","Cd8b1","H2-m2-Cd8b1"
"1852","H2-m3","Cd8b1","H2-m3-Cd8b1"
"1853","H2-m9","Cd8b1","H2-m9-Cd8b1"
"1854","H2-q1","Cd8b1","H2-q1-Cd8b1"
"1855","H2-q10","Cd8b1","H2-q10-Cd8b1"
"1856","H2-q2","Cd8b1","H2-q2-Cd8b1"
"1857","H2-q7","Cd8b1","H2-q7-Cd8b1"
"1858","H2-q8","Cd8b1","H2-q8-Cd8b1"
"1859","H2-t22","Cd8b1","H2-t22-Cd8b1"
"1860","H2-t23","Cd8b1","H2-t23-Cd8b1"
"1861","H2-t24","Cd8b1","H2-t24-Cd8b1"
"1862","H2-t3","Cd8b1","H2-t3-Cd8b1"
"1863","H2-t9","Cd8b1","H2-t9-Cd8b1"
"1864","H2-m10.4","Cd8b1","H2-m10.4-Cd8b1"
"1865","H2-m11","Cd8b1","H2-m11-Cd8b1"
"1866","H2-m1","Cd8b1","H2-m1-Cd8b1"
"1867","H2-m10.5","Cd8b1","H2-m10.5-Cd8b1"
"1868","H2-m10.2","Cd8b1","H2-m10.2-Cd8b1"
"1869","H2-m10.6","Cd8b1","H2-m10.6-Cd8b1"
"1870","H2-t10","Cd8b1","H2-t10-Cd8b1"
"1871","H2-q6","Cd8b1","H2-q6-Cd8b1"
"1872","H2-m10.3","Cd8b1","H2-m10.3-Cd8b1"
"1873","H2-bl","Cd8b1","H2-bl-Cd8b1"
"1874","H2-d1","Cd8b1","H2-d1-Cd8b1"
"1875","H2-k1","Cd8b1","H2-k1-Cd8b1"
"1876","H2-m10.1","Cd8b1","H2-m10.1-Cd8b1"
"1877","H2-t18","Cd8b1","H2-t18-Cd8b1"
"1878","H2-q9","Cd8b1","H2-q9-Cd8b1"
"1879","Gm8909","Cd8b1","Gm8909-Cd8b1"
"1880","H2-l","Cd8b1","H2-l-Cd8b1"
"1881","Gm10499","Cd8b1","Gm10499-Cd8b1"
"1882","H2-q4","Cd8b1","H2-q4-Cd8b1"
"1883","H2-t-ps","Cd8b1","H2-t-ps-Cd8b1"
"1884","Gm11127","Cd8b1","Gm11127-Cd8b1"
"1885","H2-m5","Cd8b1","H2-m5-Cd8b1"
"1886","Gm7030","Cd8b1","Gm7030-Cd8b1"
"1887","H2-bi","Kir3dl1","H2-bi-Kir3dl1"
"1888","H2-d1","Kir3dl1","H2-d1-Kir3dl1"
"1889","H2-k1","Kir3dl1","H2-k1-Kir3dl1"
"1890","H2-q1","Kir3dl1","H2-q1-Kir3dl1"
"1891","H2-q10","Kir3dl1","H2-q10-Kir3dl1"
"1892","H2-q2","Kir3dl1","H2-q2-Kir3dl1"
"1893","H2-q4","Kir3dl1","H2-q4-Kir3dl1"
"1894","H2-q6","Kir3dl1","H2-q6-Kir3dl1"
"1895","H2-q7","Kir3dl1","H2-q7-Kir3dl1"
"1896","H2-d","Klra","H2-d-Klra"
"1897","H2-k1","Klra","H2-k1-Klra"
"1898","Ulbp1","Klrk1","Ulbp1-Klrk1"
"1899","Raet1a","Klrk1","Raet1a-Klrk1"
"1900","H60a","Klrk1","H60a-Klrk1"
"1901","H2-ea-ps","Cd4","H2-ea-ps-Cd4"
"1902","H2-aa","Cd4","H2-aa-Cd4"
"1903","H2-ab1","Cd4","H2-ab1-Cd4"
"1904","H2-eb1","Cd4","H2-eb1-Cd4"
"1905","H2-dma","Cd4","H2-dma-Cd4"
"1906","H2-dmb1","Cd4","H2-dmb1-Cd4"
"1907","H2-dmb2","Cd4","H2-dmb2-Cd4"
"1908","H2-oa","Cd4","H2-oa-Cd4"
"1909","H2-ob","Cd4","H2-ob-Cd4"
"1910","Mpz","Mpzl1","Mpz-Mpzl1"
"1911","Mpz","Mpz","Mpz-Mpz"
"1912","Mpzl1","Mpzl1","Mpzl1-Mpzl1"
"1913","Ncam1","Fgfr1","Ncam1-Fgfr1"
"1914","Ncam1","Ncam1","Ncam1-Ncam1"
"1915","Ncam1","Ncam2","Ncam1-Ncam2"
"1916","Ncam1","L1cam","Ncam1-L1cam"
"1917","Ncam2","L1cam","Ncam2-L1cam"
"1918","Nectin1","Cadm3","Nectin1-Cadm3"
"1919","Nectin1","Cd96","Nectin1-Cd96"
"1920","Nectin1","Nectin4","Nectin1-Nectin4"
"1921","Nectin3","Nectin1","Nectin3-Nectin1"
"1922","Nectin3","Nectin2","Nectin3-Nectin2"
"1923","Nectin3","Pvr","Nectin3-Pvr"
"1924","Nectin3","Tigit","Nectin3-Tigit"
"1925","Nectin2","Cd226","Nectin2-Cd226"
"1926","Nectin2","Tigit","Nectin2-Tigit"
"1927","Nectin1","Nectin3","Nectin1-Nectin3"
"1928","Negr1","Negr1","Negr1-Negr1"
"1929","Lrrc4c","Ntng1","Lrrc4c-Ntng1"
"1930","Lrrc4","Ntng2","Lrrc4-Ntng2"
"1931","Lrrc4b","Ptprf","Lrrc4b-Ptprf"
"1933","Dlk1","Notch1","Dlk1-Notch1"
"1934","Dlk1","Notch2","Dlk1-Notch2"
"1935","Dlk1","Notch3","Dlk1-Notch3"
"1936","Dlk1","Notch4","Dlk1-Notch4"
"1937","Dll1","Notch1","Dll1-Notch1"
"1938","Dll1","Notch3","Dll1-Notch3"
"1939","Dll1","Notch4","Dll1-Notch4"
"1940","Dll3","Notch1","Dll3-Notch1"
"1941","Dll3","Notch2","Dll3-Notch2"
"1942","Dll3","Notch3","Dll3-Notch3"
"1943","Dll3","Notch4","Dll3-Notch4"
"1944","Dll4","Notch1","Dll4-Notch1"
"1945","Dll4","Notch2","Dll4-Notch2"
"1946","Dll4","Notch3","Dll4-Notch3"
"1947","Dll4","Notch4","Dll4-Notch4"
"1948","Jag1","Notch1","Jag1-Notch1"
"1949","Jag1","Notch2","Jag1-Notch2"
"1950","Jag1","Notch3","Jag1-Notch3"
"1951","Jag1","Notch4","Jag1-Notch4"
"1952","Jag2","Notch1","Jag2-Notch1"
"1953","Jag2","Notch2","Jag2-Notch2"
"1954","Jag2","Notch3","Jag2-Notch3"
"1955","Jag2","Notch4","Jag2-Notch4"
"1956","Dll1","Notch2","Dll1-Notch2"
"1957","Nrxn1","Nlgn1","Nrxn1-Nlgn1"
"1958","Nrxn1","Nlgn2","Nrxn1-Nlgn2"
"1959","Nrxn1","Nlgn3","Nrxn1-Nlgn3"
"1960","Nrxn2","Nlgn1","Nrxn2-Nlgn1"
"1961","Nrxn2","Nlgn2","Nrxn2-Nlgn2"
"1962","Nrxn2","Nlgn3","Nrxn2-Nlgn3"
"1963","Nrxn3","Nlgn1","Nrxn3-Nlgn1"
"1964","Nrxn3","Nlgn2","Nrxn3-Nlgn2"
"1965","Nrxn3","Nlgn3","Nrxn3-Nlgn3"
"1966","Ocln","Ocln","Ocln-Ocln"
"1967","Cd274","Pdcd1","Cd274-Pdcd1"
"1968","Pdcd1lg2","Pdcd1","Pdcd1lg2-Pdcd1"
"1969","Pecam1","Pecam1","Pecam1-Pecam1"
"1970","Ptprm","Ptprm","Ptprm-Ptprm"
"1971","Pvr","Cd226","Pvr-Cd226"
"1972","Pvr","Tigit","Pvr-Tigit"
"1973","Sele","Cd44","Sele-Cd44"
"1974","Sele","Glg1","Sele-Glg1"
"1975","Sell","Cd34","Sell-Cd34"
"1976","Sell","Podxl","Sell-Podxl"
"1977","Sell","Glycam1","Sell-Glycam1"
"1978","Sell","Madcam1","Sell-Madcam1"
"1979","Selplg","Sele","Selplg-Sele"
"1980","Selplg","Sell","Selplg-Sell"
"1981","Selplg","Selp","Selplg-Selp"
"1982","Sema4a","Nrp1","Sema4a-Nrp1"
"1986","Sema4a","Plxnb1","Sema4a-Plxnb1"
"1987","Sema4a","Plxnb2","Sema4a-Plxnb2"
"1988","Sema4a","Plxnb3","Sema4a-Plxnb3"
"1989","Sema4d","Plxnb1","Sema4d-Plxnb1"
"1990","Sema4d","Plxnb2","Sema4d-Plxnb2"
"1991","Sema4d","Plxnb3","Sema4d-Plxnb3"
"1992","Sema4c","Plxnb2","Sema4c-Plxnb2"
"1993","Sema4g","Plxnb2","Sema4g-Plxnb2"
"1994","Sema4a","Timd2","Sema4a-Timd2"
"1995","Sema4d","Cd72","Sema4d-Cd72"
"1996","Sema5a","Plxna1","Sema5a-Plxna1"
"1997","Sema5b","Plxna1","Sema5b-Plxna1"
"1998","Sema5a","Plxna3","Sema5a-Plxna3"
"1999","Sema5b","Plxna3","Sema5b-Plxna3"
"2000","Sema5a","Plxnb3","Sema5a-Plxnb3"
"2001","Sema6d","Plxna1","Sema6d-Plxna1"
"2004","Sema6a","Plxna2","Sema6a-Plxna2"
"2005","Sema6b","Plxna2","Sema6b-Plxna2"
"2006","Sema6a","Plxna4","Sema6a-Plxna4"
"2007","Sema6b","Plxna4","Sema6b-Plxna4"
"2008","Sema7a","Itgb1","Sema7a-Itgb1"
"2009","Sema7a","Plxnc1","Sema7a-Plxnc1"
"2010","Siglec1","Spn","Siglec1-Spn"
"2011","Thy1","Itgam","Thy1-Itgam"
"2012","Thy1","Itgax","Thy1-Itgax"
"2013","Thy1","Itgav","Thy1-Itgav"
"2014","Tigit","Nectin2","Tigit-Nectin2"
"2015","Tigit","Pvr","Tigit-Pvr"
"2016","Vcam1","Itga4","Vcam1-Itga4"
"2017","Vcam1","Itga9","Vcam1-Itga9"
"2019","Vsir","Igsf11","Vsir-Igsf11"
"2020","Amh","Acvr1","Amh-Acvr1"
"2021","Amh","Bmpr1a","Amh-Bmpr1a"
"2022","Angpt2","Itgb1","Angpt2-Itgb1"
"2023","Angptl1","Itgb1","Angptl1-Itgb1"
"2024","Angptl2","Itgb1","Angptl2-Itgb1"
"2025","Angptl3","Itgb3","Angptl3-Itgb3"
"2026","Angptl4","Itgb1","Angptl4-Itgb1"
"2027","Angptl4","Itgb3","Angptl4-Itgb3"
"2028","Anxa1","Lxa4","Anxa1-Lxa4"
"2029","Areg","Erbb2","Areg-Erbb2"
"2030","Bmp10","Bmpr2","Bmp10-Bmpr2"
"2031","Bmp10","Acvr2a","Bmp10-Acvr2a"
"2032","Bmp15","Bmpr2","Bmp15-Bmpr2"
"2033","Bmp2","Acvr2a","Bmp2-Acvr2a"
"2034","Bmp2","Acvr2b","Bmp2-Acvr2b"
"2035","Bmp2","Bmpr2","Bmp2-Bmpr2"
"2039","Bmp4","Acvr2a","Bmp4-Acvr2a"
"2040","Bmp4","Acvr2b","Bmp4-Acvr2b"
"2041","Bmp4","Bmpr2","Bmp4-Bmpr2"
"2045","Bmp5","Acvr2a","Bmp5-Acvr2a"
"2046","Bmp5","Acvr2b","Bmp5-Acvr2b"
"2047","Bmp5","Bmpr2","Bmp5-Bmpr2"
"2054","Bmp6","Acvr2a","Bmp6-Acvr2a"
"2055","Bmp6","Acvr2b","Bmp6-Acvr2b"
"2056","Bmp6","Bmpr2","Bmp6-Bmpr2"
"2063","Bmp7","Acvr2a","Bmp7-Acvr2a"
"2064","Bmp7","Acvr2b","Bmp7-Acvr2b"
"2065","Bmp7","Bmpr2","Bmp7-Bmpr2"
"2072","Bmp8a","Acvr2a","Bmp8a-Acvr2a"
"2073","Bmp8a","Acvr2b","Bmp8a-Acvr2b"
"2074","Bmp8a","Bmpr2","Bmp8a-Bmpr2"
"2081","Bmp8b","Acvr2a","Bmp8b-Acvr2a"
"2082","Bmp8b","Acvr2b","Bmp8b-Acvr2b"
"2083","Bmp8b","Bmpr2","Bmp8b-Bmpr2"
"2092","C3","Itgb2","C3-Itgb2"
"2094","Cd40lg","Itgb3","Cd40lg-Itgb3"
"2095","Cd40lg","Itgb1","Cd40lg-Itgb1"
"2096","Cd40lg","Itgb2","Cd40lg-Itgb2"
"2097","Cdh1","Itgb1","Cdh1-Itgb1"
"2098","Cdh1","Itgb7","Cdh1-Itgb7"
"2099","Chad","Itgb1","Chad-Itgb1"
"2100","Clcf1","Lifr","Clcf1-Lifr"
"2101","Cntf","Lifr","Cntf-Lifr"
"2102","Cntn2","Cntnap2","Cntn2-Cntnap2"
"2103","Col1a1","Itgb1","Col1a1-Itgb1"
"2109","Col1a1","Itgb8","Col1a1-Itgb8"
"2110","Col1a2","Itgb1","Col1a2-Itgb1"
"2116","Col1a2","Itgb8","Col1a2-Itgb8"
"2117","Col2a1","Itgb1","Col2a1-Itgb1"
"2123","Col2a1","Itgb8","Col2a1-Itgb8"
"2124","Col4a1","Itgb1","Col4a1-Itgb1"
"2130","Col4a1","Itgb8","Col4a1-Itgb8"
"2131","Col4a2","Itgb1","Col4a2-Itgb1"
"2137","Col4a2","Itgb8","Col4a2-Itgb8"
"2138","Col4a3","Itgb1","Col4a3-Itgb1"
"2144","Col4a3","Itgb8","Col4a3-Itgb8"
"2145","Col4a4","Itgb1","Col4a4-Itgb1"
"2151","Col4a4","Itgb8","Col4a4-Itgb8"
"2152","Col4a5","Itgb1","Col4a5-Itgb1"
"2158","Col4a5","Itgb8","Col4a5-Itgb8"
"2159","Col4a6","Itgb1","Col4a6-Itgb1"
"2165","Col4a6","Itgb8","Col4a6-Itgb8"
"2166","Col6a1","Itgb1","Col6a1-Itgb1"
"2172","Col6a1","Itgb8","Col6a1-Itgb8"
"2173","Col6a2","Itgb1","Col6a2-Itgb1"
"2179","Col6a2","Itgb8","Col6a2-Itgb8"
"2180","Col6a3","Itgb1","Col6a3-Itgb1"
"2186","Col6a3","Itgb8","Col6a3-Itgb8"
"2187","Col6a4","Itgb1","Col6a4-Itgb1"
"2193","Col6a4","Itgb8","Col6a4-Itgb8"
"2194","Col6a5","Itgb1","Col6a5-Itgb1"
"2200","Col6a5","Itgb8","Col6a5-Itgb8"
"2201","Col6a6","Itgb1","Col6a6-Itgb1"
"2207","Col6a6","Itgb8","Col6a6-Itgb8"
"2208","Col9a1","Itgb1","Col9a1-Itgb1"
"2214","Col9a1","Itgb8","Col9a1-Itgb8"
"2215","Col9a2","Itgb1","Col9a2-Itgb1"
"2221","Col9a2","Itgb8","Col9a2-Itgb8"
"2222","Col9a3","Itgb1","Col9a3-Itgb1"
"2228","Col9a3","Itgb8","Col9a3-Itgb8"
"2229","Comp","Itgb1","Comp-Itgb1"
"2230","Comp","Itgb3","Comp-Itgb3"
"2231","Csf2","Csf2rb","Csf2-Csf2rb"
"2232","Cspg4","Itgb1","Cspg4-Itgb1"
"2233","Ctf1","Il6st","Ctf1-Il6st"
"2234","Dmp1","Itgb3","Dmp1-Itgb3"
"2235","Dspp","Itgb1","Dspp-Itgb1"
"2236","Dspp","Itgb6","Dspp-Itgb6"
"2237","Ebi3","Il6st","Ebi3-Il6st"
"2238","Egf","Erbb2","Egf-Erbb2"
"2241","Fcer2a","Itgb2","Fcer2a-Itgb2"
"2243","Fcer2a","Itgb3","Fcer2a-Itgb3"
"2244","Fn1","Itgb1","Fn1-Itgb1"
"2249","Fn1","Itgb7","Fn1-Itgb7"
"2250","Fn1","Itgb3","Fn1-Itgb3"
"2252","Fn1","Itgb6","Fn1-Itgb6"
"2253","Fn1","Itgb8","Fn1-Itgb8"
"2254","Gdf1","Acvr2a","Gdf1-Acvr2a"
"2255","Gdf1","Acvr2b","Gdf1-Acvr2b"
"2258","Gdf10","Acvr2a","Gdf10-Acvr2a"
"2259","Gdf11","Acvr2a","Gdf11-Acvr2a"
"2260","Gdf11","Acvr2b","Gdf11-Acvr2b"
"2262","Gdf2","Bmpr2","Gdf2-Bmpr2"
"2263","Gdf2","Acvr2a","Gdf2-Acvr2a"
"2264","Gdf3","Acvr2a","Gdf3-Acvr2a"
"2265","Gdf3","Acvr2b","Gdf3-Acvr2b"
"2268","Gdf5","Acvr2a","Gdf5-Acvr2a"
"2269","Gdf5","Acvr2b","Gdf5-Acvr2b"
"2270","Gdf5","Bmpr2","Gdf5-Bmpr2"
"2274","Gdf6","Acvr2a","Gdf6-Acvr2a"
"2275","Gdf6","Acvr2b","Gdf6-Acvr2b"
"2276","Gdf6","Bmpr2","Gdf6-Bmpr2"
"2280","Gdf7","Acvr2a","Gdf7-Acvr2a"
"2281","Gdf7","Acvr2b","Gdf7-Acvr2b"
"2282","Gdf7","Bmpr2","Gdf7-Bmpr2"
"2286","Gdf9","Bmpr2","Gdf9-Bmpr2"
"2287","Gp1ba","Itgb2","Gp1ba-Itgb2"
"2288","H2-t23","Klrc1","H2-t23-Klrc1"
"2289","H2-t23","Klrc2","H2-t23-Klrc2"
"2292","Ibsp","Itgb3","Ibsp-Itgb3"
"2293","Ibsp","Itgb5","Ibsp-Itgb5"
"2294","Icam1","Itgb2","Icam1-Itgb2"
"2297","Icam1","Itgb2l","Icam1-Itgb2l"
"2299","Icam2","Itgb2","Icam2-Itgb2"
"2301","Icam2","Itgb2l","Icam2-Itgb2l"
"2303","Ifna","Ifnar2","Ifna-Ifnar2"
"2304","Ifna1","Ifnar2","Ifna1-Ifnar2"
"2305","Ifna11","Ifnar2","Ifna11-Ifnar2"
"2306","Ifna12","Ifnar2","Ifna12-Ifnar2"
"2307","Ifna13","Ifnar2","Ifna13-Ifnar2"
"2308","Ifna14","Ifnar2","Ifna14-Ifnar2"
"2309","Ifna15","Ifnar2","Ifna15-Ifnar2"
"2310","Ifna2","Ifnar2","Ifna2-Ifnar2"
"2311","Ifna4","Ifnar2","Ifna4-Ifnar2"
"2312","Ifna5","Ifnar2","Ifna5-Ifnar2"
"2313","Ifna6","Ifnar2","Ifna6-Ifnar2"
"2314","Ifna7","Ifnar2","Ifna7-Ifnar2"
"2315","Ifna9","Ifnar2","Ifna9-Ifnar2"
"2316","Ifnab","Ifnar2","Ifnab-Ifnar2"
"2317","Ifnb1","Ifnar2","Ifnb1-Ifnar2"
"2318","Ifne","Ifnar2","Ifne-Ifnar2"
"2319","Ifng","Ifngr2","Ifng-Ifngr2"
"2320","Ifnk","Ifnar2","Ifnk-Ifnar2"
"2321","Ifnl2","Il10rb","Ifnl2-Il10rb"
"2322","Ifnl3","Il10rb","Ifnl3-Il10rb"
"2323","Igf1","Itgb3","Igf1-Itgb3"
"2324","Igf1","Itgb4","Igf1-Itgb4"
"2325","Igf2","Itgb3","Igf2-Itgb3"
"2326","Igf2","Itgb4","Igf2-Itgb4"
"2327","Il10","Il10rb","Il10-Il10rb"
"2328","Il11","Il6st","Il11-Il6st"
"2330","Il12b","Il12rb2","Il12b-Il12rb2"
"2333","Il15","Il2rb","Il15-Il2rb"
"2334","Il17a","Il17rc","Il17a-Il17rc"
"2335","Il17af","Il17rc","Il17af-Il17rc"
"2336","Il17c","Il17re","Il17c-Il17re"
"2337","Il17f","Il17rc","Il17f-Il17rc"
"2338","Il18","Il18rap","Il18-Il18rap"
"2339","Il19","Il20rb","Il19-Il20rb"
"2340","Il1a","Il1rap","Il1a-Il1rap"
"2341","Il1b","Il1rap","Il1b-Il1rap"
"2342","Il1f10","Il1rap","Il1f10-Il1rap"
"2343","Il1f5","Il1rap","Il1f5-Il1rap"
"2344","Il1f6","Il1rap","Il1f6-Il1rap"
"2345","Il1f8","Il1rap","Il1f8-Il1rap"
"2346","Il1f9","Il1rap","Il1f9-Il1rap"
"2348","Il2","Il2rg","Il2-Il2rg"
"2349","Il20","Il20rb","Il20-Il20rb"
"2351","Il21","Il2rg","Il21-Il2rg"
"2352","Il22","Il10rb","Il22-Il10rb"
"2353","Il23a","Il12rb1","Il23a-Il12rb1"
"2354","Il24","Il20rb","Il24-Il20rb"
"2356","Il25","Il17rb","Il25-Il17rb"
"2357","Il3","Csf2rb","Il3-Csf2rb"
"2358","Il31","Osmr","Il31-Osmr"
"2359","Il33","Il1rap","Il33-Il1rap"
"2360","Il4","Il2rg","Il4-Il2rg"
"2361","Il4","Il13ra1","Il4-Il13ra1"
"2362","Il4","Il13ra2","Il4-Il13ra2"
"2363","Il5","Csf2rb","Il5-Csf2rb"
"2364","Il6","Il6st","Il6-Il6st"
"2365","Il7","Il2rg","Il7-Il2rg"
"2366","Il9","Il2rg","Il9-Il2rg"
"2367","Inhb","Acvr2b","Inhb-Acvr2b"
"2368","Inhba","Acvr2a","Inhba-Acvr2a"
"2369","Inhba","Acvr2b","Inhba-Acvr2b"
"2370","Inhbabb","Acvr2a","Inhbabb-Acvr2a"
"2371","Inhbabb","Acvr2b","Inhbabb-Acvr2b"
"2373","Inhbb","Acvr2a","Inhbb-Acvr2a"
"2374","Inhbb","Acvr2b","Inhbb-Acvr2b"
"2377","Inhbc","Acvr2a","Inhbc-Acvr2a"
"2378","Inhbc","Acvr2b","Inhbc-Acvr2b"
"2381","Inhbe","Acvr2a","Inhbe-Acvr2a"
"2382","Inhbe","Acvr2b","Inhbe-Acvr2b"
"2385","Jam1","Itgb2","Jam1-Itgb2"
"2386","Jam2","Itgb1","Jam2-Itgb1"
"2388","Jam3","Itgb2","Jam3-Itgb2"
"2389","Jam3","Itgb2l","Jam3-Itgb2l"
"2390","L1cam","Itgb3","L1cam-Itgb3"
"2391","L1cam","Itgb7","L1cam-Itgb7"
"2392","Lama1","Itgb1","Lama1-Itgb1"
"2398","Lama1","Itgb8","Lama1-Itgb8"
"2399","Lama1","Itgb4","Lama1-Itgb4"
"2400","Lama2","Itgb1","Lama2-Itgb1"
"2406","Lama2","Itgb8","Lama2-Itgb8"
"2407","Lama2","Itgb4","Lama2-Itgb4"
"2408","Lama3","Itgb1","Lama3-Itgb1"
"2414","Lama3","Itgb8","Lama3-Itgb8"
"2415","Lama3","Itgb4","Lama3-Itgb4"
"2416","Lama4","Itgb1","Lama4-Itgb1"
"2422","Lama4","Itgb8","Lama4-Itgb8"
"2423","Lama4","Itgb4","Lama4-Itgb4"
"2424","Lama5","Itgb1","Lama5-Itgb1"
"2430","Lama5","Itgb8","Lama5-Itgb8"
"2431","Lama5","Itgb4","Lama5-Itgb4"
"2432","Lamb1","Itgb1","Lamb1-Itgb1"
"2438","Lamb1","Itgb8","Lamb1-Itgb8"
"2439","Lamb1","Itgb4","Lamb1-Itgb4"
"2440","Lamb2","Itgb1","Lamb2-Itgb1"
"2446","Lamb2","Itgb8","Lamb2-Itgb8"
"2447","Lamb2","Itgb4","Lamb2-Itgb4"
"2448","Lamb3","Itgb1","Lamb3-Itgb1"
"2454","Lamb3","Itgb8","Lamb3-Itgb8"
"2455","Lamb3","Itgb4","Lamb3-Itgb4"
"2456","Lamc1","Itgb1","Lamc1-Itgb1"
"2462","Lamc1","Itgb8","Lamc1-Itgb8"
"2463","Lamc1","Itgb4","Lamc1-Itgb4"
"2464","Lamc2","Itgb1","Lamc2-Itgb1"
"2470","Lamc2","Itgb8","Lamc2-Itgb8"
"2471","Lamc2","Itgb4","Lamc2-Itgb4"
"2472","Lamc3","Itgb1","Lamc3-Itgb1"
"2478","Lamc3","Itgb8","Lamc3-Itgb8"
"2479","Lamc3","Itgb4","Lamc3-Itgb4"
"2480","Lck","Cd8b1","Lck-Cd8b1"
"2481","Lif","Il6st","Lif-Il6st"
"2482","Lta","Ltbr","Lta-Ltbr"
"2483","Madcam1","Itgb7","Madcam1-Itgb7"
"2484","Mdk","Itgb1","Mdk-Itgb1"
"2486","Mif","Cxcr4","Mif-Cxcr4"
"2487","Mif","Cd44","Mif-Cd44"
"2488","Mif","Cxcr2","Mif-Cxcr2"
"2489","Mstn","Acvr2b","Mstn-Acvr2b"
"2491","Mstn","Acvr2a","Mstn-Acvr2a"
"2493","Nampt","Itgb1","Nampt-Itgb1"
"2494","Nfasc","Cntnap1","Nfasc-Cntnap1"
"2495","Nodal","Acvr2a","Nodal-Acvr2a"
"2497","Nodal","Acvr2b","Nodal-Acvr2b"
"2499","Npnt1","Itgb1","Npnt1-Itgb1"
"2500","Npnt2","Itgb1","Npnt2-Itgb1"
"2503","Nrg1","Itgb3","Nrg1-Itgb3"
"2508","Osm","Il6st","Osm-Il6st"
"2510","Postn","Itgb3","Postn-Itgb3"
"2511","Postn","Itgb5","Postn-Itgb5"
"2512","Ptn","Itgb3","Ptn-Itgb3"
"2513","Reln","Itgb1","Reln-Itgb1"
"2514","Sema3a","Plxna1","Sema3a-Plxna1"
"2515","Sema3a","Plxna2","Sema3a-Plxna2"
"2516","Sema3a","Plxna3","Sema3a-Plxna3"
"2517","Sema3a","Plxna4","Sema3a-Plxna4"
"2518","Sema3b","Plxna1","Sema3b-Plxna1"
"2519","Sema3b","Plxna2","Sema3b-Plxna2"
"2520","Sema3b","Plxna3","Sema3b-Plxna3"
"2521","Sema3b","Plxna4","Sema3b-Plxna4"
"2526","Sema3c","Plxna1","Sema3c-Plxna1"
"2527","Sema3c","Plxna2","Sema3c-Plxna2"
"2528","Sema3c","Plxna3","Sema3c-Plxna3"
"2529","Sema3c","Plxna4","Sema3c-Plxna4"
"2535","Sema3d","Plxna1","Sema3d-Plxna1"
"2536","Sema3d","Plxna2","Sema3d-Plxna2"
"2537","Sema3d","Plxna3","Sema3d-Plxna3"
"2538","Sema3d","Plxna4","Sema3d-Plxna4"
"2543","Sema3f","Plxna1","Sema3f-Plxna1"
"2544","Sema3f","Plxna2","Sema3f-Plxna2"
"2545","Sema3f","Plxna3","Sema3f-Plxna3"
"2546","Sema3f","Plxna4","Sema3f-Plxna4"
"2547","Sema3g","Plxna1","Sema3g-Plxna1"
"2548","Sema3g","Plxna2","Sema3g-Plxna2"
"2549","Sema3g","Plxna3","Sema3g-Plxna3"
"2550","Sema3g","Plxna4","Sema3g-Plxna4"
"2551","Sema4a","Plxna1","Sema4a-Plxna1"
"2552","Sema4a","Plxna2","Sema4a-Plxna2"
"2553","Sema4a","Plxna3","Sema4a-Plxna3"
"2554","Sema4a","Plxna4","Sema4a-Plxna4"
"2555","Sema6d","Kdr","Sema6d-Kdr"
"2556","Sema6d","Trem2","Sema6d-Trem2"
"2557","Sema7a","Itga1","Sema7a-Itga1"
"2558","Spp1","Itgb3","Spp1-Itgb3"
"2559","Spp1","Itgb1","Spp1-Itgb1"
"2560","Spp1","Itgb5","Spp1-Itgb5"
"2561","Spp1","Itgb6","Spp1-Itgb6"
"2566","Tgfa","Erbb2","Tgfa-Erbb2"
"2567","Tgfb1","Tgfbr2","Tgfb1-Tgfbr2"
"2571","Tgfb2","Tgfbr2","Tgfb2-Tgfbr2"
"2575","Tgfb3","Tgfbr2","Tgfb3-Tgfbr2"
"2579","Thbs1","Itgb1","Thbs1-Itgb1"
"2580","Thbs1","Itgb3","Thbs1-Itgb3"
"2581","Thbs2","Itgb1","Thbs2-Itgb1"
"2582","Thbs2","Itgb3","Thbs2-Itgb3"
"2583","Thbs3","Itgb1","Thbs3-Itgb1"
"2584","Thbs3","Itgb3","Thbs3-Itgb3"
"2585","Thbs4","Itgb1","Thbs4-Itgb1"
"2586","Thbs4","Itgb3","Thbs4-Itgb3"
"2587","Thy1","Itgb2","Thy1-Itgb2"
"2589","Thy1","Itgb3","Thy1-Itgb3"
"2590","Tnc","Itgb1","Tnc-Itgb1"
"2592","Tnc","Itgb3","Tnc-Itgb3"
"2594","Tnc","Itgb6","Tnc-Itgb6"
"2595","Tnn","Itgb1","Tnn-Itgb1"
"2597","Tnn","Itgb3","Tnn-Itgb3"
"2599","Tnn","Itgb6","Tnn-Itgb6"
"2600","Tnr","Itgb1","Tnr-Itgb1"
"2602","Tnr","Itgb3","Tnr-Itgb3"
"2604","Tnr","Itgb6","Tnr-Itgb6"
"2605","Tnxb","Itgb1","Tnxb-Itgb1"
"2607","Tnxb","Itgb3","Tnxb-Itgb3"
"2609","Tnxb","Itgb6","Tnxb-Itgb6"
"2610","Tslp","Crlf2","Tslp-Crlf2"
"2611","Ulbp1","Hcst","Ulbp1-Hcst"
"2612","Vcam1","Itgb1","Vcam1-Itgb1"
"2614","Vcam1","Itgb7","Vcam1-Itgb7"
"2615","Vtn","Itgb1","Vtn-Itgb1"
"2617","Vtn","Itgb3","Vtn-Itgb3"
"2619","Vtn","Itgb5","Vtn-Itgb5"
"2620","Vtn","Itgb8","Vtn-Itgb8"
"2621","Vwf","Itgb3","Vwf-Itgb3"
"2623","Wnt1","Lrp5","Wnt1-Lrp5"
"2633","Wnt1","Lrp6","Wnt1-Lrp6"
"2643","Wnt10a","Lrp5","Wnt10a-Lrp5"
"2653","Wnt10a","Lrp6","Wnt10a-Lrp6"
"2663","Wnt10b","Lrp5","Wnt10b-Lrp5"
"2673","Wnt10b","Lrp6","Wnt10b-Lrp6"
"2683","Wnt16","Lrp5","Wnt16-Lrp5"
"2693","Wnt16","Lrp6","Wnt16-Lrp6"
"2703","Wnt2","Lrp5","Wnt2-Lrp5"
"2713","Wnt2","Lrp6","Wnt2-Lrp6"
"2723","Wnt2b","Lrp5","Wnt2b-Lrp5"
"2733","Wnt2b","Lrp6","Wnt2b-Lrp6"
"2743","Wnt3","Lrp5","Wnt3-Lrp5"
"2753","Wnt3","Lrp6","Wnt3-Lrp6"
"2763","Wnt3a","Lrp5","Wnt3a-Lrp5"
"2773","Wnt3a","Lrp6","Wnt3a-Lrp6"
"2783","Wnt4","Lrp5","Wnt4-Lrp5"
"2793","Wnt4","Lrp6","Wnt4-Lrp6"
"2803","Wnt6","Lrp5","Wnt6-Lrp5"
"2813","Wnt6","Lrp6","Wnt6-Lrp6"
"2823","Wnt7a","Lrp5","Wnt7a-Lrp5"
"2833","Wnt7a","Lrp6","Wnt7a-Lrp6"
"2843","Wnt7b","Lrp5","Wnt7b-Lrp5"
"2853","Wnt7b","Lrp6","Wnt7b-Lrp6"
"2863","Wnt8a","Lrp5","Wnt8a-Lrp5"
"2873","Wnt8a","Lrp6","Wnt8a-Lrp6"
"2883","Wnt8b","Lrp5","Wnt8b-Lrp5"
"2893","Wnt8b","Lrp6","Wnt8b-Lrp6"
"2903","Wnt9a","Lrp5","Wnt9a-Lrp5"
"2913","Wnt9a","Lrp6","Wnt9a-Lrp6"
"2923","Wnt9b","Lrp5","Wnt9b-Lrp5"
"2933","Wnt9b","Lrp6","Wnt9b-Lrp6"
